-49.8,0,0,0,1617006463.498
-58.2,0,0,0,1617006763.397
-54.2,0,0,0,1617007063.276
-56.6,0,0,0,1617007363.176
-56.2,0,0,0,1617007663.08
-56.4,0,0,0,1617007962.971
-52.8,0,0,0,1617013802.408
-117.2,0,0,0,1617015602.194
-116.8,0,0,0,1617017401.995
-116.6,0,0,0,1617019201.783
-116.6,0,0,0,1617021001.572
-116.6,0,0,0,1617022801.342
-116.6,0,0,0,1617024601.113
-116.2,0,0,0,1617026400.904
-115.8,0,0,0,1617028200.676
-116.2,0,0,0,1617030000.471
-116.2,0,0,0,1617031800.252
-116,0,0,0,1617033600.024
-116.4,0,0,0,1617035399.826
-116.2,0,0,0,1617037199.622
-116.2,0,0,0,1617038999.38
-117,0,0,0,1617042598.939
-116.6,0,0,0,1617044398.725
-116.4,0,0,0,1617047998.293
-116.4,0,0,0,1617049798.069
-116.4,0,0,0,1617051597.847
-116.6,0,0,0,1617053397.648
-116.6,0,0,0,1617055197.421
-116.8,0,0,0,1617056997.206
-116.8,0,0,0,1617058796.969
-117.4,0,0,0,1617060596.761
-117.2,0,0,0,1617062396.564
-117,0,0,0,1617064196.345
-117.2,0,0,0,1617065996.124
-117,0,0,0,1617067796.002
-116.8,0,0,0,1617069595.693
-117.4,0,0,0,1617071395.465
-117,0,0,0,1617073195.242
-117,0,0,0,1617074995.045
-116.8,0,0,0,1617076795.004
-117.2,0,0,0,1617078594.752
-117.4,0,0,0,1617080394.544
-116.8,0,0,0,1617082194.354
-117,0,0,0,1617083994.105
-116.6,0,0,0,1617085793.9
-115.6,0,0,0,1617087593.706
-115.8,0,0,0,1617089393.456
-115.8,0,0,0,1617091193.229
-116,0,0,0,1617092993.051
-115.6,0,0,0,1617094792.802
-115.4,0,0,0,1617096592.602
-115.6,0,0,0,1617098392.392
-115.4,0,0,0,1617100192.16
-115.8,0,0,0,1617101991.952
-116.6,0,0,0,1617103791.742
-116.2,0,0,0,1617105591.498
-116.4,0,0,0,1617107391.281
-116.4,0,0,0,1617109191.089
-116.6,0,0,0,1617110990.865
-116.2,0,0,0,1617112790.659
-116,0,0,0,1617114590.437
-116.8,0,0,0,1617116390.218
-116.6,0,0,0,1617118190.051
-116,0,0,0,1617119989.773
-116.4,0,0,0,1617121789.556
-116.2,0,0,0,1617123589.333
-116.6,0,0,0,1617125389.127
-116.4,0,0,0,1617127188.901
-117.2,0,0,0,1617128988.676
-118.6,0,0,0,1617130788.469
-119,0,0,0,1617132588.25
-118.8,0,0,0,1617134388.023
-119,0,0,0,1617136187.81
-118.6,0,0,0,1617137987.587
-118.8,0,0,0,1617139787.372
-118.8,0,0,0,1617141587.158
-119,0,0,0,1617143386.959
-119,0,0,0,1617145186.725
-119,0,0,0,1617146986.516
-118.6,0,0,0,1617148786.295
-119,0,0,0,1617150586.075
-118.6,0,0,0,1617152385.851
-118.4,0,0,0,1617154185.631
-118.4,0,0,0,1617155985.427
-118.8,0,0,0,1617157785.205
-118.4,0,0,0,1617159584.983
-118.4,0,0,0,1617163184.563
-118.6,0,0,0,1617164984.355
-118.8,0,0,0,1617168583.941
-118.2,0,0,0,1617170383.678
-117.6,0,0,0,1617172183.461
-117,0,0,0,1617173983.246
-116.8,0,0,0,1617175783.023
-116.4,0,0,0,1617177582.812
-116.2,0,0,0,1617179382.591
-116.2,0,0,0,1617181182.389
-116.6,0,0,0,1617182982.164
-116.4,0,0,0,1617184781.934
-116.8,0,0,0,1617186581.743
-117.2,0,0,0,1617188381.495
-117.6,0,0,0,1617190181.378
-117.4,0,0,0,1617191981.071
-117.6,0,0,0,1617193780.847
-118,0,0,0,1617195580.645
-117.8,0,0,0,1617197380.445
-118.2,0,0,0,1617199180.207
-117.6,0,0,0,1617200979.983
-117.8,0,0,0,1617202779.765
-117.4,0,0,0,1617204579.542
-118.2,0,0,0,1617206379.34
-118,0,0,0,1617208179.107
-118,0,0,0,1617209978.92
-118.2,0,0,0,1617211778.677
-118.4,0,0,0,1617213578.467
-118.2,0,0,0,1617215378.245
-119,0,0,0,1617217178.024
-119,0,0,0,1617218977.801
-118.6,0,0,0,1617220777.613
-119,0,0,0,1617222577.369
-118.8,0,0,0,1617224377.173
-118.8,0,0,0,1617226176.928
-119.2,0,0,0,1617227976.705
-118.8,0,0,0,1617229776.493
-119,0,0,0,1617231576.27
-119.2,0,0,0,1617233376.052
-119,0,0,0,1617235175.84
-119.2,0,0,0,1617236975.634
-119,0,0,0,1617238775.393
-119,0,0,0,1617240575.188
-119.2,0,0,0,1617242374.973
-118.6,0,0,0,1617244174.755
-118.6,0,0,0,1617245974.567
-118.6,0,0,0,1617247774.311
-118.8,0,0,0,1617249574.095
-118.6,0,0,0,1617251373.878
-118.6,0,0,0,1617253173.658
-118.6,0,0,0,1617254973.455
-118.2,0,0,0,1617256773.212
-117.6,0,0,0,1617258572.997
-117,0,0,0,1617260372.799
-116.8,0,0,0,1617262172.586
-116.6,0,0,0,1617263972.344
-116.6,0,0,0,1617265772.135
-116.6,0,0,0,1617267571.911
-116.2,0,0,0,1617269371.704
-116.8,0,0,0,1617271171.483
-116.6,0,0,0,1617272971.28
-116.6,0,0,0,1617274771.057
-117,0,0,0,1617276570.829
-116.8,0,0,0,1617278370.62
-117,0,0,0,1617280170.401
-117,0,0,0,1617281970.188
-116.8,0,0,0,1617283769.957
-117,0,0,0,1617285569.734
-116.2,0,0,0,1617287369.535
-116.4,0,0,0,1617289169.297
-116.4,0,0,0,1617290969.086
-116.8,0,0,0,1617292768.892
-117,0,0,0,1617294568.662
-117,0,0,0,1617296368.435
-117.4,0,0,0,1617298168.243
-118,0,0,0,1617299967.99
-118,0,0,0,1617303567.566
-118,0,0,0,1617305367.342
-118.4,0,0,0,1617307167.126
-118,0,0,0,1617308966.913
-118.4,0,0,0,1617310766.698
-118.6,0,0,0,1617312566.46
-118,0,0,0,1617314366.249
-118,0,0,0,1617316166.057
-118,0,0,0,1617317965.836
-118.4,0,0,0,1617319765.585
-118,0,0,0,1617321565.384
-118.6,0,0,0,1617323365.149
-118.2,0,0,0,1617325164.934
-118.6,0,0,0,1617326964.753
-118.6,0,0,0,1617328764.494
-118.6,0,0,0,1617330564.269
-118.8,0,0,0,1617332364.069
-118.8,0,0,0,1617334163.842
-119,0,0,0,1617335963.63
-119,0,0,0,1617337763.399
-119,0,0,0,1617339563.191
-118.8,0,0,0,1617341362.983
-118,0,0,0,1617343162.788
-117.6,0,0,0,1617344962.529
-117.2,0,0,0,1617346762.343
-116.8,0,0,0,1617348562.102
-116.4,0,0,0,1617350361.88
-116.4,0,0,0,1617352161.669
-116.2,0,0,0,1617353961.454
-117,0,0,0,1617355761.233
-116.8,0,0,0,1617357561.018
-116.8,0,0,0,1617359360.799
-116.8,0,0,0,1617361160.573
-117.2,0,0,0,1617362960.358
-117.2,0,0,0,1617364760.145
-117.2,0,0,0,1617366559.922
-117,0,0,0,1617368359.698
-117,0,0,0,1617370159.479
-117.2,0,0,0,1617371959.265
-117.2,0,0,0,1617373759.056
-117.4,0,0,0,1617375558.832
-117.2,0,0,0,1617377358.605
-117.8,0,0,0,1617379158.402
-117.6,0,0,0,1617380958.172
-118,0,0,0,1617384557.744
-118.6,0,0,0,1617386357.52
-118.4,0,0,0,1617388157.3
-118.4,0,0,0,1617389957.071
-118.2,0,0,0,1617391756.849
-118,0,0,0,1617393556.644
-118.8,0,0,0,1617395356.421
-118.2,0,0,0,1617397156.205
-118,0,0,0,1617398955.982
-118.2,0,0,0,1617400755.769
-118.4,0,0,0,1617402555.546
-118.2,0,0,0,1617404355.327
-118.2,0,0,0,1617406155.137
-118.6,0,0,0,1617407954.903
-118.2,0,0,0,1617409754.656
-118.2,0,0,0,1617411554.45
-118.4,0,0,0,1617413354.222
-119,0,0,0,1617415154.017
-119,0,0,0,1617416953.798
-118.8,0,0,0,1617418753.59
-119,0,0,0,1617420553.367
-119,0,0,0,1617422353.135
-119,0,0,0,1617424152.92
-119,0,0,0,1617425952.713
-118.6,0,0,0,1617427752.482
-118.2,0,0,0,1617429552.26
-118.2,0,0,0,1617431352.059
-117.8,0,0,0,1617433151.831
-117.8,0,0,0,1617434951.633
-117.6,0,0,0,1617436751.385
-117.2,0,0,0,1617438551.186
-117.2,0,0,0,1617440350.961
-118,0,0,0,1617442150.744
-117.6,0,0,0,1617443950.531
-118,0,0,0,1617445750.295
-118,0,0,0,1617447550.099
-118,0,0,0,1617449349.865
-118.4,0,0,0,1617458348.774
-118.6,0,0,0,1617460148.546
-118.2,0,0,0,1617461948.332
-117.8,0,0,0,1617463748.149
-118,0,0,0,1617465547.905
-118.2,0,0,0,1617469147.468
-118,0,0,0,1617470947.247
-118.6,0,0,0,1617472747.02
-118.6,0,0,0,1617474546.812
-118.4,0,0,0,1617476346.588
-118.4,0,0,0,1617478146.381
-118.2,0,0,0,1617479946.153
-119.2,0,0,0,1617481745.932
-119,0,0,0,1617483545.731
-118.6,0,0,0,1617485345.502
-118.8,0,0,0,1617487145.271
-118.8,0,0,0,1617488945.09
-119,0,0,0,1617490744.863
-119.4,0,0,0,1617492544.629
-119,0,0,0,1617494344.426
-119,0,0,0,1617496144.187
-119,0,0,0,1617497943.985
-119,0,0,0,1617499743.763
-119,0,0,0,1617501543.541
-119.4,0,0,0,1617503343.332
-119.2,0,0,0,1617505143.11
-119.8,0,0,0,1617506942.882
-119,0,0,0,1617508742.713
-119.2,0,0,0,1617510542.468
-119.2,0,0,0,1617512342.236
-119,0,0,0,1617514142.021
-118.6,0,0,0,1617515941.816
-118,0,0,0,1617517741.595
-117.8,0,0,0,1617519541.377
-117.8,0,0,0,1617521341.155
-118.2,0,0,0,1617523140.928
-118.4,0,0,0,1617526740.499
-118.2,0,0,0,1617528540.295
-118.8,0,0,0,1617532139.852
-118.4,0,0,0,1617535739.426
-119,0,0,0,1617537539.213
-118.6,0,0,0,1617539338.982
-118.2,0,0,0,1617541138.776
-118.6,0,0,0,1617544738.337
-118.8,0,0,0,1617546538.112
-118.2,0,0,0,1617550137.682
-118.6,0,0,0,1617551937.463
-118.6,0,0,0,1617555537.038
-119,0,0,0,1617557336.82
-119.2,0,0,0,1617559136.593
-119,0,0,0,1617560936.377
-119,0,0,0,1617562736.16
-119.4,0,0,0,1617564535.942
-119,0,0,0,1617566335.732
-119,0,0,0,1617568135.502
-119.2,0,0,0,1617569935.288
-119.2,0,0,0,1617571735.074
-119.6,0,0,0,1617573534.861
-119.2,0,0,0,1617575334.651
-119.2,0,0,0,1617577134.439
-119.4,0,0,0,1617578934.206
-119.4,0,0,0,1617580733.982
-119.6,0,0,0,1617582533.777
-119.6,0,0,0,1617584333.6
-119.4,0,0,0,1617586133.327
-117.4,0,0,0,1617587933.12
-119.6,0,0,0,1617589732.897
-119.2,0,0,0,1617591532.694
-119.2,0,0,0,1617593332.474
-118.6,0,0,0,1617595132.258
-118.2,0,0,0,1617596932.068
-117.6,0,0,0,1617598731.822
-117,0,0,0,1617600531.607
-116.8,0,0,0,1617602331.391
-118,0,0,0,1617604131.185
-117.4,0,0,0,1617605930.966
-117.2,0,0,0,1617607730.775
-117.2,0,0,0,1617609530.541
-117.6,0,0,0,1617611330.311
-117.4,0,0,0,1617613130.099
-117.6,0,0,0,1617614929.88
-117.8,0,0,0,1617616729.659
-117.6,0,0,0,1617618529.451
-117.8,0,0,0,1617620329.227
-118.4,0,0,0,1617622129.003
-118,0,0,0,1617623928.807
-118,0,0,0,1617625728.59
-118,0,0,0,1617627528.358
-117.8,0,0,0,1617629328.153
-117.8,0,0,0,1617631127.931
-118,0,0,0,1617632927.715
-117.8,0,0,0,1617634727.506
-118,0,0,0,1617636527.304
-118.2,0,0,0,1617638327.064
-118,0,0,0,1617640126.85
-119,0,0,0,1617641926.645
-119.2,0,0,0,1617643726.407
-119.2,0,0,0,1617645526.196
-119.2,0,0,0,1617647325.975
-119,0,0,0,1617649125.764
-119.2,0,0,0,1617650925.562
-118.8,0,0,0,1617652725.321
-119.6,0,0,0,1617654525.104
-119.8,0,0,0,1617656324.898
-119.6,0,0,0,1617658124.664
-120,0,0,0,1617659924.447
-119.8,0,0,0,1617661724.253
-119.4,0,0,0,1617663524.023
-119,0,0,0,1617665323.804
-119.2,0,0,0,1617667123.589
-119,0,0,0,1617668923.381
-119.6,0,0,0,1617670723.143
-119.4,0,0,0,1617672522.927
-119.4,0,0,0,1617674322.727
-119.4,0,0,0,1617676122.518
-119.2,0,0,0,1617677922.275
-119.4,0,0,0,1617679722.056
-119.4,0,0,0,1617681521.839
-119.6,0,0,0,1617683321.616
-119.4,0,0,0,1617685121.425
-119.2,0,0,0,1617686921.274
-119.2,0,0,0,1617688720.967
-118.8,0,0,0,1617690520.772
-118.2,0,0,0,1617692320.541
-118.6,0,0,0,1617694120.327
-119,0,0,0,1617695920.126
-119.2,0,0,0,1617697719.886
-121,0,0,0,1617701319.462
-131,0,0,0,1617704919.029
-132,0,0,0,1617708518.598
-121.8,0,0,0,1617713917.948
-120.8,0,0,0,1617715717.721
-120.6,0,0,0,1617717517.508
-120.2,0,0,0,1617719317.305
-119.6,0,0,0,1617721117.07
-119.4,0,0,0,1617722916.86
-119,0,0,0,1617724716.653
-119.4,0,0,0,1617726516.423
-119.2,0,0,0,1617728316.213
-119.6,0,0,0,1617730115.996
-119,0,0,0,1617731915.77
-119.2,0,0,0,1617733715.567
-119,0,0,0,1617735515.365
-118.6,0,0,0,1617737315.13
-119.4,0,0,0,1617739114.918
-119,0,0,0,1617740914.694
-119.6,0,0,0,1617742714.482
-119.6,0,0,0,1617744514.283
-119.8,0,0,0,1617746314.062
-120,0,0,0,1617748113.862
-120,0,0,0,1617749913.644
-119.6,0,0,0,1617751713.429
-119.2,0,0,0,1617753513.192
-119,0,0,0,1617755313.006
-118,0,0,0,1617757112.767
-116.6,0,0,0,1617758912.566
-115.8,0,0,0,1617760712.36
-114.8,0,0,0,1617762512.163
-114.2,0,0,0,1617764311.934
-114,0,0,0,1617766111.695
-113.2,0,0,0,1617767911.484
-113.2,0,0,0,1617769711.264
-113.2,0,0,0,1617771511.048
-114,0,0,0,1617773310.844
-115.4,0,0,0,1617775110.622
-117.4,0,0,0,1617776910.406
-118.6,0,0,0,1617780509.993
-118.2,0,0,0,1617782309.775
-117.8,0,0,0,1617784109.553
-118.2,0,0,0,1617785909.343
-118.4,0,0,0,1617787709.145
-118.4,0,0,0,1617789508.911
-118.6,0,0,0,1617791308.703
-118.4,0,0,0,1617793108.488
-118.6,0,0,0,1617794908.279
-119,0,0,0,1617796708.058
-118.8,0,0,0,1617798507.847
-119.2,0,0,0,1617802107.416
-119.2,0,0,0,1617803907.204
-119,0,0,0,1617805707.001
-119.2,0,0,0,1617807506.776
-118.8,0,0,0,1617809306.559
-119.2,0,0,0,1617811106.337
-119.2,0,0,0,1617812906.13
-119.2,0,0,0,1617814705.914
-119.8,0,0,0,1617816505.692
-120,0,0,0,1617818305.482
-120.6,0,0,0,1617820105.278
-121,0,0,0,1617821905.047
-121,0,0,0,1617823704.837
-120.8,0,0,0,1617825504.643
-121,0,0,0,1617827304.405
-120.6,0,0,0,1617829104.189
-120.2,0,0,0,1617830903.991
-120,0,0,0,1617832703.754
-120,0,0,0,1617834503.564
-118.2,0,0,0,1617836303.338
-116,0,0,0,1617838103.13
-114.6,0,0,0,1617839902.947
-113.2,0,0,0,1617841702.723
-112,0,0,0,1617843502.497
-111.8,0,0,0,1617845302.257
-112.2,0,0,0,1617847102.067
-113.4,0,0,0,1617848901.837
-114.6,0,0,0,1617850701.622
-115.4,0,0,0,1617852501.427
-116.6,0,0,0,1617854301.195
-117.2,0,0,0,1617856100.982
-117.8,0,0,0,1617857900.787
-117.6,0,0,0,1617859700.559
-118,0,0,0,1617861500.351
-115.2,0,0,0,1617863300.135
-114,0,0,0,1617865099.916
-118.4,0,0,0,1617866899.711
-117.8,0,0,0,1617868699.511
-117.8,0,0,0,1617870499.295
-117.8,0,0,0,1617872299.057
-118,0,0,0,1617874098.855
-118.4,0,0,0,1617875898.636
-118.6,0,0,0,1617877698.426
-118.6,0,0,0,1617879498.216
-118.6,0,0,0,1617881297.996
-118.6,0,0,0,1617883097.793
-118.8,0,0,0,1617884897.576
-117.8,0,0,0,1617886697.361
-118.6,0,0,0,1617888497.164
-118.6,0,0,0,1617890296.923
-119,0,0,0,1617892096.722
-118.6,0,0,0,1617893896.505
-118.6,0,0,0,1617895696.288
-118.4,0,0,0,1617897496.072
-118.4,0,0,0,1617899295.857
-118.8,0,0,0,1617901095.636
-119.2,0,0,0,1617902895.428
-119.2,0,0,0,1617904695.214
-119,0,0,0,1617906494.992
-119.2,0,0,0,1617908294.823
-119.6,0,0,0,1617910094.568
-119.8,0,0,0,1617911894.354
-119.6,0,0,0,1617913694.131
-120.2,0,0,0,1617917293.704
-119.8,0,0,0,1617919093.495
-120,0,0,0,1617920893.297
-120,0,0,0,1617922693.061
-120.6,0,0,0,1617924492.855
-120.4,0,0,0,1617928092.431
-119.4,0,0,0,1617931691.981
-120.4,0,0,0,1617933491.766
-120.4,0,0,0,1617935291.549
-120.8,0,0,0,1617937091.337
-120.8,0,0,0,1617938891.114
-120.4,0,0,0,1617940690.907
-120.6,0,0,0,1617942490.693
-120,0,0,0,1617944290.468
-120.2,0,0,0,1617946090.261
-119.4,0,0,0,1617947890.046
-119.4,0,0,0,1617949689.849
-119.2,0,0,0,1617951489.62
-118.8,0,0,0,1617953289.4
-119,0,0,0,1617955089.186
-119.4,0,0,0,1617956888.98
-119.6,0,0,0,1617958688.767
-119.2,0,0,0,1617962288.358
-119.4,0,0,0,1617964088.118
-121,0,0,0,1617965887.915
-120.6,0,0,0,1617967687.683
-120.8,0,0,0,1617971287.248
-121,0,0,0,1617973087.034
-121.2,0,0,0,1617974886.82
-121,0,0,0,1617976686.603
-121.6,0,0,0,1617978486.384
-121,0,0,0,1617980286.172
-120.8,0,0,0,1617982085.963
-120.8,0,0,0,1617983885.739
-121.2,0,0,0,1617985685.524
-120.6,0,0,0,1617989285.095
-121,0,0,0,1617991084.873
-120.8,0,0,0,1617992884.66
-121,0,0,0,1617994684.454
-120.6,0,0,0,1617996484.234
-121,0,0,0,1617998284.012
-121,0,0,0,1618000083.789
-121.2,0,0,0,1618001883.574
-121.2,0,0,0,1618003683.355
-121.2,0,0,0,1618005483.142
-121.2,0,0,0,1618007282.944
-121,0,0,0,1618009082.715
-121,0,0,0,1618010882.496
-120.8,0,0,0,1618014482.069
-120.8,0,0,0,1618016281.841
-120.6,0,0,0,1618018081.624
-120.2,0,0,0,1618019881.414
-120,0,0,0,1618021681.201
-120.6,0,0,0,1618023480.966
-120.6,0,0,0,1618025280.777
-120,0,0,0,1618027080.562
-120.8,0,0,0,1618028880.327
-120.6,0,0,0,1618030680.123
-120.8,0,0,0,1618032479.895
-120.4,0,0,0,1618034279.702
-119.2,0,0,0,1618036079.48
-119.4,0,0,0,1618037879.251
-119.2,0,0,0,1618039679.036
-119.2,0,0,0,1618041478.812
-119.4,0,0,0,1618043278.608
-119.4,0,0,0,1618045078.4
-119.6,0,0,0,1618046878.185
-119.8,0,0,0,1618048677.972
-119.8,0,0,0,1618050477.74
-119.8,0,0,0,1618052277.526
-119.4,0,0,0,1618055877.11
-119.8,0,0,0,1618057676.937
-120.6,0,0,0,1618059476.661
-120.8,0,0,0,1618061276.445
-120,0,0,0,1618063076.234
-120.4,0,0,0,1618064876.017
-120,0,0,0,1618066675.803
-120.4,0,0,0,1618068475.592
-119.8,0,0,0,1618070275.356
-119.6,0,0,0,1618072075.16
-120.2,0,0,0,1618075674.709
-120,0,0,0,1618077474.494
-120,0,0,0,1618079274.272
-119.8,0,0,0,1618081074.063
-120.2,0,0,0,1618082873.846
-120.2,0,0,0,1618084673.634
-119.8,0,0,0,1618086473.413
-120.8,0,0,0,1618088273.207
-124.2,0,0,0,1618090072.986
-126,0,0,0,1618091872.767
-125.4,0,0,0,1618093672.57
-136.2,0,0,0,1618095472.319
-125,0,0,0,1618097272.148
-123,0,0,0,1618099071.89
-122.8,0,0,0,1618102671.466
-122,0,0,0,1618104471.272
-121.4,0,0,0,1618106271.033
-121.6,0,0,0,1618108070.817
-121.6,0,0,0,1618109870.597
-122.2,0,0,0,1618111670.39
-121,0,0,0,1618113470.172
-121,0,0,0,1618115270.069
-120.6,0,0,0,1618117069.73
-121,0,0,0,1618118869.531
-121,0,0,0,1618120669.298
-121,0,0,0,1618122469.082
-121,0,0,0,1618124268.871
-121.8,0,0,0,1618126068.659
-121.4,0,0,0,1618127868.445
-121.4,0,0,0,1618129668.208
-121.4,0,0,0,1618131468
-121.4,0,0,0,1618133267.789
-121.4,0,0,0,1618135067.572
-120.4,0,0,0,1618136867.357
-121.2,0,0,0,1618138667.145
-120.8,0,0,0,1618140466.927
-122.6,0,0,0,1618142266.703
-121.8,0,0,0,1618144066.489
-123.8,0,0,0,1618145866.283
-123.4,0,0,0,1618147666.054
-123.4,0,0,0,1618149465.84
-123.2,0,0,0,1618151265.623
-123.4,0,0,0,1618153065.417
-123.2,0,0,0,1618154865.187
-123.4,0,0,0,1618156664.976
-122.8,0,0,0,1618158464.788
-122.8,0,0,0,1618160264.546
-123,0,0,0,1618162064.32
-122.8,0,0,0,1618163864.119
-123,0,0,0,1618165663.885
-122.6,0,0,0,1618167463.669
-122.8,0,0,0,1618169263.462
-122.2,0,0,0,1618171063.247
-122.6,0,0,0,1618172863.035
-122.6,0,0,0,1618174662.8
-122.6,0,0,0,1618176462.62
-122.4,0,0,0,1618178262.397
-122.8,0,0,0,1618180062.176
-122,0,0,0,1618181861.979
-122.8,0,0,0,1618183661.85
-122.2,0,0,0,1618185461.519
-122.2,0,0,0,1618187261.322
-122.8,0,0,0,1618189061.109
-122.6,0,0,0,1618190860.863
-122.6,0,0,0,1618194460.453
-123,0,0,0,1618196260.225
-123.4,0,0,0,1618198059.996
-123.4,0,0,0,1618199859.779
-122.8,0,0,0,1618201659.588
-124,0,0,0,1618203459.361
-125,0,0,0,1618205259.126
-126,0,0,0,1618207058.915
-127,0,0,0,1618208858.698
-127.4,0,0,0,1618210658.5
-129,0,0,0,1618212458.271
-130.2,0,0,0,1618214258.042
-131.2,0,0,0,1618216057.846
-133,0,0,0,1618217857.621
-134,0,0,0,1618219657.406
-134.2,0,0,0,1618221457.191
-133.6,0,0,0,1618223256.967
-133.8,0,0,0,1618225056.757
-134.2,0,0,0,1618226856.531
-137,0,0,0,1618228656.325
-134.6,0,0,0,1618230456.1
-134.8,0,0,0,1618232255.893
-137.4,0,0,0,1618234055.663
-135,0,0,0,1618235855.456
-134,0,0,0,1618237655.231
-134,0,0,0,1618239455.021
-134.4,0,0,0,1618241254.794
-135.6,0,0,0,1618243054.587
-135.2,0,0,0,1618246654.112
-132.4,0,0,0,1618250253.673
-133,0,0,0,1618252053.449
-132.4,0,0,0,1618255653.055
-133.2,0,0,0,1618261052.368
-133.2,0,0,0,1618262852.148
-133.2,0,0,0,1618264651.92
-133.4,0,0,0,1618266451.738
-133.2,0,0,0,1618268251.524
-133.8,0,0,0,1618270051.277
-133,0,0,0,1618271851.094
-133,0,0,0,1618273650.845
-133.2,0,0,0,1618275450.642
-133.8,0,0,0,1618277250.423
-133.8,0,0,0,1618279050.2
-134.2,0,0,0,1618282649.777
-134.6,0,0,0,1618284449.54
-135,0,0,0,1618286249.332
-135.4,0,0,0,1618288049.121
-134.8,0,0,0,1618291648.685
-135,0,0,0,1618293448.463
-135,0,0,0,1618295248.247
-135.2,0,0,0,1618297048.03
-134.8,0,0,0,1618298847.817
-135.6,0,0,0,1618302447.393
-135,0,0,0,1618304247.166
-134.6,0,0,0,1618306046.944
-135.2,0,0,0,1618307846.743
-135,0,0,0,1618309646.54
-134.6,0,0,0,1618311446.309
-134.2,0,0,0,1618313246.074
-135.2,0,0,0,1618315045.865
-134.8,0,0,0,1618316845.657
-135,0,0,0,1618318645.442
-135,0,0,0,1618320445.216
-135,0,0,0,1618322245.003
-134.4,0,0,0,1618324044.79
-134.4,0,0,0,1618325844.571
-134,0,0,0,1618327644.359
-133.2,0,0,0,1618329444.136
-133.2,0,0,0,1618331243.928
-133,0,0,0,1618333043.701
-133,0,0,0,1618334843.495
-132.8,0,0,0,1618336643.264
-132.6,0,0,0,1618338443.046
-133,0,0,0,1618340242.846
-132.2,0,0,0,1618342042.621
-132.2,0,0,0,1618343842.402
-132.2,0,0,0,1618345642.191
-132,0,0,0,1618347441.981
-131.8,0,0,0,1618349241.764
-132.2,0,0,0,1618351041.54
-132,0,0,0,1618352841.686
-132.4,0,0,0,1618354641.156
-131.8,0,0,0,1618356440.888
-131.8,0,0,0,1618358240.674
-132,0,0,0,1618360040.461
-131.8,0,0,0,1618361840.278
-131.8,0,0,0,1618363640.023
-131.8,0,0,0,1618365439.827
-131.2,0,0,0,1618367239.593
-131.6,0,0,0,1618369039.388
-131.2,0,0,0,1618370839.17
-131.4,0,0,0,1618372638.944
-131.4,0,0,0,1618374438.729
-131.2,0,0,0,1618376238.552
-131.4,0,0,0,1618378038.304
-131.4,0,0,0,1618379838.083
-132.4,0,0,0,1618381637.887
-132.4,0,0,0,1618383437.662
-132.6,0,0,0,1618385237.445
-133,0,0,0,1618387037.239
-133.2,0,0,0,1618388837.008
-132.8,0,0,0,1618390636.813
-133.6,0,0,0,1618392436.578
-133,0,0,0,1618394236.372
-133.2,0,0,0,1618396036.174
-133,0,0,0,1618397835.935
-132.6,0,0,0,1618399635.718
-132.6,0,0,0,1618401435.512
-132,0,0,0,1618403235.31
-131.4,0,0,0,1618405035.067
-131.4,0,0,0,1618406834.865
-131,0,0,0,1618408634.647
-131.6,0,0,0,1618410434.421
-131.2,0,0,0,1618412234.212
-131,0,0,0,1618414033.999
-130.6,0,0,0,1618415833.769
-130.8,0,0,0,1618417633.561
-130.4,0,0,0,1618419433.351
-130,0,0,0,1618421233.123
-129.4,0,0,0,1618423032.91
-129.8,0,0,0,1618424832.69
-129.8,0,0,0,1618426632.499
-130,0,0,0,1618428432.273
-129.8,0,0,0,1618430232.034
-129.4,0,0,0,1618432031.833
-129.8,0,0,0,1618433831.605
-129.2,0,0,0,1618435631.398
-129,0,0,0,1618437431.181
-129.2,0,0,0,1618439230.989
-128.8,0,0,0,1618441030.745
-129,0,0,0,1618444630.339
-128.8,0,0,0,1618446430.11
-128.8,0,0,0,1618448229.883
-128.6,0,0,0,1618450029.672
-128.4,0,0,0,1618451829.455
-128.4,0,0,0,1618453629.234
-128.4,0,0,0,1618455429.04
-128.4,0,0,0,1618457228.886
-128.8,0,0,0,1618459028.611
-128.6,0,0,0,1618460828.383
-128.8,0,0,0,1618462628.187
-128.8,0,0,0,1618464427.944
-128.4,0,0,0,1618466227.731
-129.2,0,0,0,1618468027.541
-128.6,0,0,0,1618469827.297
-129.2,0,0,0,1618471627.105
-129.2,0,0,0,1618473426.883
-128.4,0,0,0,1620030238.997
-128.8,0,0,0,1620032038.786
-129,0,0,0,1620033838.54
-128.6,0,0,0,1620035638.335
-129.8,0,0,0,1620037438.109
-129.8,0,0,0,1620039237.903
-129.8,0,0,0,1620041037.678
-129.2,0,0,0,1620042837.473
-129.8,0,0,0,1620044637.234
-129.8,0,0,0,1620046437.019
-129.6,0,0,0,1620048236.794
-130.4,0,0,0,1620050036.581
-129.2,0,0,0,1620051836.365
-130.2,0,0,0,1620053636.157
-129.4,0,0,0,1620055435.921
-130.4,0,0,0,1620057235.71
-130.8,0,0,0,1620059035.49
-130.8,0,0,0,1620060835.277
-130.6,0,0,0,1620062635.055
-130.6,0,0,0,1620064434.837
-129.6,0,0,0,1620066234.614
-130,0,0,0,1620068034.391
-129.4,0,0,0,1620069834.182
-129.8,0,0,0,1620071633.953
-129.6,0,0,0,1620073433.746
-129.8,0,0,0,1620075233.525
-129.8,0,0,0,1620077033.305
-129.6,0,0,0,1620078833.077
-129.8,0,0,0,1620080632.851
-129.8,0,0,0,1620082432.641
-130,0,0,0,1620084232.419
-130,0,0,0,1620086032.213
-129.8,0,0,0,1620087832.009
-130,0,0,0,1620089631.76
-130.4,0,0,0,1620091431.552
-130.8,0,0,0,1620093231.34
-130.8,0,0,0,1620095031.121
-130.4,0,0,0,1620096830.897
-130.8,0,0,0,1620098630.684
-131,0,0,0,1620100430.471
-131,0,0,0,1620102230.234
-130.6,0,0,0,1620104030.027
-130,0,0,0,1620105829.804
-129.2,0,0,0,1620107629.586
-128.6,0,0,0,1620109429.358
-127.8,0,0,0,1620111229.147
-127.6,0,0,0,1620113028.945
-129,0,0,0,1620114828.711
-128.4,0,0,0,1620116628.507
-128.2,0,0,0,1620118428.278
-129,0,0,0,1620120228.057
-129.4,0,0,0,1620122027.847
-130,0,0,0,1620123827.634
-130,0,0,0,1620125627.415
-130,0,0,0,1620127427.197
-129.8,0,0,0,1620129226.97
-130,0,0,0,1620131026.75
-130,0,0,0,1620132826.527
-130,0,0,0,1620134626.304
-129.8,0,0,0,1620136426.08
-129.6,0,0,0,1620138225.874
-128.8,0,0,0,1620141825.432
-130.2,0,0,0,1620143625.222
-130.6,0,0,0,1620145424.998
-130.2,0,0,0,1620154423.912
-130.8,0,0,0,1620156223.686
-130.4,0,0,0,1620159823.247
-129.8,0,0,0,1620161623.026
-129.6,0,0,0,1620163422.802
-130.4,0,0,0,1620165222.594
-129.8,0,0,0,1620167022.367
-129.6,0,0,0,1620168822.145
-129.8,0,0,0,1620170621.93
-130,0,0,0,1620172421.717
-130,0,0,0,1620174221.493
-129.8,0,0,0,1620176021.282
-129.6,0,0,0,1620177821.065
-130,0,0,0,1620179620.841
-129.4,0,0,0,1620181420.618
-130,0,0,0,1620183220.397
-130.4,0,0,0,1620185020.18
-130,0,0,0,1620186819.989
-130,0,0,0,1620188619.743
-130.8,0,0,0,1620190419.529
-130.2,0,0,0,1620192219.304
-130,0,0,0,1620194019.096
-128.8,0,0,0,1620195818.888
-128.8,0,0,0,1620197618.661
-128.8,0,0,0,1620201218.216
-128.8,0,0,0,1620203018.134
-129,0,0,0,1620204817.769
-129.4,0,0,0,1620206617.558
-129.4,0,0,0,1620208417.343
-129.8,0,0,0,1620210217.131
-130,0,0,0,1620212016.897
-129.8,0,0,0,1620213816.682
-130.8,0,0,0,1620215616.461
-130.8,0,0,0,1620217416.246
-129.8,0,0,0,1620219216.025
-129.4,0,0,0,1620221015.802
-129.4,0,0,0,1620226415.148
-127.2,0,0,0,1620228214.922
-129.4,0,0,0,1620231814.494
-130.2,0,0,0,1620233614.268
-131,0,0,0,1620235414.057
-131.4,0,0,0,1620239013.605
-131.6,0,0,0,1620240813.422
-130.6,0,0,0,1620242613.175
-130.4,0,0,0,1620244412.965
-130.8,0,0,0,1620246212.742
-130.8,0,0,0,1620248012.534
-131,0,0,0,1620249812.303
-130.6,0,0,0,1620253411.907
-130.8,0,0,0,1620255211.648
-129.8,0,0,0,1620257011.417
-129.8,0,0,0,1620260610.997
-128.6,0,0,0,1620262410.794
-130.4,0,0,0,1620264210.549
-129.8,0,0,0,1620266010.328
-129.4,0,0,0,1620267810.136
-129.2,0,0,0,1620271409.681
-129,0,0,0,1620273209.465
-129.2,0,0,0,1620275009.238
-129,0,0,0,1620276809.019
-129.4,0,0,0,1620278608.802
-129.4,0,0,0,1620280408.603
-130,0,0,0,1620282208.363
-129.8,0,0,0,1620285807.948
-129.8,0,0,0,1620287607.714
-129.6,0,0,0,1620289407.48
-129.2,0,0,0,1620291207.268
-130,0,0,0,1620293007.057
-130,0,0,0,1620294806.84
-129.6,0,0,0,1620296606.616
-129.6,0,0,0,1620298406.393
-130,0,0,0,1620300206.179
-130.2,0,0,0,1620302005.965
-129.8,0,0,0,1620303805.756
-129.6,0,0,0,1620305605.523
-128.6,0,0,0,1620307405.302
-127.2,0,0,0,1620309205.073
-128.2,0,0,0,1620312804.653
-126,0,0,0,1620314604.421
-128,0,0,0,1620316404.21
-129.4,0,0,0,1620318203.992
-129.6,0,0,0,1620320003.782
-130.8,0,0,0,1620321803.559
-130.2,0,0,0,1620323603.332
-130.6,0,0,0,1620325403.129
-131,0,0,0,1620327202.888
-131,0,0,0,1620329002.681
-131,0,0,0,1620330802.455
-131.2,0,0,0,1620332602.234
-131,0,0,0,1620334402.017
-131.4,0,0,0,1620336201.796
-131,0,0,0,1620338001.589
-130.8,0,0,0,1620339801.364
-131,0,0,0,1620341601.136
-131,0,0,0,1620343400.921
-130.8,0,0,0,1620345200.698
-130.8,0,0,0,1620347000.477
-130.8,0,0,0,1620348800.27
-131,0,0,0,1620350600.046
-130.8,0,0,0,1620352399.843
-130.8,0,0,0,1620354199.615
-130.8,0,0,0,1620355999.406
-130.8,0,0,0,1620357799.169
-130.6,0,0,0,1620359598.955
-131,0,0,0,1620361398.733
-130.8,0,0,0,1620363198.52
-130.2,0,0,0,1620364998.296
-130.2,0,0,0,1620366798.078
-129.8,0,0,0,1620368597.865
-128.4,0,0,0,1620370397.639
-127.6,0,0,0,1620373997.208
-127.2,0,0,0,1620375796.974
-128.4,0,0,0,1620377596.762
-126.8,0,0,0,1620379396.533
-127.8,0,0,0,1620381196.331
-127.2,0,0,0,1620382996.098
-127.8,0,0,0,1620384795.884
-127.6,0,0,0,1620388395.442
-127.4,0,0,0,1620391995.007
-126.4,0,0,0,1620393794.796
-127.6,0,0,0,1620395594.56
-127.8,0,0,0,1620397394.346
-128.2,0,0,0,1620399194.12
-127.2,0,0,0,1620400993.904
-127.4,0,0,0,1620402793.692
-129,0,0,0,1620408193.04
-129.2,0,0,0,1620409992.804
-129.2,0,0,0,1620411792.585
-130,0,0,0,1620413592.381
-129.6,0,0,0,1620415392.166
-129.8,0,0,0,1620417191.947
-130,0,0,0,1620418991.736
-130,0,0,0,1620420791.502
-129.6,0,0,0,1620422591.276
-130,0,0,0,1620424391.065
-130.4,0,0,0,1620426190.844
-129.8,0,0,0,1620427990.612
-130,0,0,0,1620429790.406
-129.8,0,0,0,1620431590.183
-130.8,0,0,0,1620433389.976
-131.2,0,0,0,1620435189.769
-131.4,0,0,0,1620436989.52
-131,0,0,0,1620438789.308
-131.2,0,0,0,1620440589.103
-131.4,0,0,0,1620444188.672
-130.6,0,0,0,1620445988.439
-130.8,0,0,0,1620447788.228
-130.6,0,0,0,1620449588.015
-130.2,0,0,0,1620451387.791
-130.6,0,0,0,1620453187.569
-130,0,0,0,1620454987.337
-130,0,0,0,1620456787.116
-129.6,0,0,0,1620458586.92
-130.6,0,0,0,1620462186.471
-129.8,0,0,0,1620463986.248
-130,0,0,0,1620465786.016
-128.4,0,0,0,1620467585.805
-128.8,0,0,0,1620469385.592
-129,0,0,0,1620471185.37
-128.8,0,0,0,1620472985.165
-128,0,0,0,1620474784.938
-128.6,0,0,0,1620476584.743
-128.6,0,0,0,1620478384.492
-128.6,0,0,0,1620480184.283
-129.4,0,0,0,1620481984.057
-129,0,0,0,1620483783.831
-128.6,0,0,0,1620485583.613
-128.8,0,0,0,1620487383.39
-128.6,0,0,0,1620489183.174
-129.4,0,0,0,1620490982.971
-129.6,0,0,0,1620492782.746
-129.4,0,0,0,1620494582.518
-130.6,0,0,0,1620496382.298
-130,0,0,0,1620498182.075
-129.8,0,0,0,1620499981.871
-130.4,0,0,0,1620501781.641
-130.4,0,0,0,1620503581.426
-130,0,0,0,1620505381.246
-129.6,0,0,0,1620507180.983
-130,0,0,0,1620508980.765
-129.8,0,0,0,1620512580.356
-129.8,0,0,0,1620514380.122
-130,0,0,0,1620516179.887
-129.8,0,0,0,1620517979.673
-130.2,0,0,0,1620519779.457
-130,0,0,0,1620521579.226
-130,0,0,0,1620523379.006
-130,0,0,0,1620525178.812
-130,0,0,0,1620526978.58
-130.2,0,0,0,1620528778.364
-127.6,0,0,0,1620530578.144
-129.6,0,0,0,1620532377.923
-130,0,0,0,1620534177.695
-129.4,0,0,0,1620535977.486
-128.8,0,0,0,1620537777.255
-127.8,0,0,0,1620539577.059
-127.4,0,0,0,1620541376.826
-126.4,0,0,0,1620543176.607
-126.6,0,0,0,1620544976.391
-127.6,0,0,0,1620546776.167
-126.2,0,0,0,1620548575.949
-128,0,0,0,1620550375.742
-127.4,0,0,0,1620552175.543
-128.8,0,0,0,1620553975.298
-127.6,0,0,0,1620555775.073
-128.6,0,0,0,1620557574.849
-128.8,0,0,0,1620559374.627
-127.6,0,0,0,1620561174.407
-128.4,0,0,0,1620562974.218
-128.6,0,0,0,1620564773.973
-128.6,0,0,0,1620566573.761
-129,0,0,0,1620568373.546
-129,0,0,0,1620570173.325
-128.4,0,0,0,1620571973.112
-128,0,0,0,1620573772.891
-127.6,0,0,0,1620575572.673
-129.8,0,0,0,1620577372.445
-129.6,0,0,0,1620579172.227
-129.2,0,0,0,1620580972.002
-129.8,0,0,0,1620582771.82
-129.6,0,0,0,1620584571.573
-129.4,0,0,0,1620586371.353
-129.6,0,0,0,1620588171.122
-130,0,0,0,1620589970.911
-130,0,0,0,1620591770.69
-130.2,0,0,0,1620593570.482
-129.8,0,0,0,1620595370.26
-129.8,0,0,0,1620597170.037
-129.8,0,0,0,1620598969.818
-129.8,0,0,0,1620600769.671
-130,0,0,0,1620602569.386
-130.2,0,0,0,1620604369.159
-130.4,0,0,0,1620607968.75
-130,0,0,0,1620609768.498
-130,0,0,0,1620611568.298
-129.8,0,0,0,1620613368.067
-129.8,0,0,0,1620615167.852
-129.4,0,0,0,1620616967.628
-130,0,0,0,1620618767.409
-130,0,0,0,1620620567.192
-128.8,0,0,0,1620622366.99
-127.8,0,0,0,1620624166.753
-126.2,0,0,0,1620625966.528
-125.4,0,0,0,1620627766.314
-124.8,0,0,0,1620629566.106
-124.6,0,0,0,1620631365.878
-124.8,0,0,0,1620633165.662
-125,0,0,0,1620634965.453
-125.6,0,0,0,1620636765.211
-125.8,0,0,0,1620638564.995
-126.4,0,0,0,1620640364.79
-127.2,0,0,0,1620642164.555
-127.2,0,0,0,1620643964.351
-127.6,0,0,0,1620645764.126
-128.4,0,0,0,1620647563.901
-127.4,0,0,0,1620649363.689
-127.4,0,0,0,1620651163.612
-126.6,0,0,0,1620652963.239
-127.8,0,0,0,1620654763.024
-127.4,0,0,0,1620656562.823
-127.4,0,0,0,1620658362.589
-126.2,0,0,0,1620660162.376
-127.8,0,0,0,1620663761.935
-127.6,0,0,0,1620665561.727
-129.4,0,0,0,1620667361.493
-129.6,0,0,0,1620669161.275
-128.8,0,0,0,1620670961.064
-127.2,0,0,0,1620672760.868
-127.6,0,0,0,1620674560.665
-127.4,0,0,0,1620676360.401
-127.6,0,0,0,1620678160.177
-128,0,0,0,1620679959.958
-127.2,0,0,0,1620681759.745
-127.4,0,0,0,1620683559.515
-127.6,0,0,0,1620685359.294
-127.2,0,0,0,1620687159.111
-127,0,0,0,1620688958.856
-127.4,0,0,0,1620690758.659
-127.2,0,0,0,1620692558.438
-127.4,0,0,0,1620694358.229
-127.6,0,0,0,1620696157.985
-127.4,0,0,0,1620697957.809
-126.8,0,0,0,1620699757.57
-127.4,0,0,0,1620701557.327
-127.4,0,0,0,1620703357.113
-127.4,0,0,0,1620705156.882
-127.4,0,0,0,1620706956.677
-127.4,0,0,0,1620708756.516
-127.6,0,0,0,1620710556.235
-126.8,0,0,0,1620712356.023
-126.2,0,0,0,1620714155.798
-126.2,0,0,0,1620715955.576
-126,0,0,0,1620717755.371
-126.4,0,0,0,1620719555.17
-126.4,0,0,0,1620721354.977
-126.8,0,0,0,1620723154.708
-125.8,0,0,0,1620724954.484
-126.2,0,0,0,1620726754.263
-126.8,0,0,0,1620728554.057
-126,0,0,0,1620730353.831
-126.2,0,0,0,1620732153.601
-125.4,0,0,0,1620733953.394
-125,0,0,0,1620735753.183
-125,0,0,0,1620737552.977
-125.4,0,0,0,1620739352.736
-125,0,0,0,1620741152.512
-125.4,0,0,0,1620742952.292
-125.4,0,0,0,1620744752.069
-123,0,0,0,1620746551.861
-122.4,0,0,0,1620748351.636
-123.2,0,0,0,1620750151.431
-122.6,0,0,0,1620751951.221
-124,0,0,0,1620753750.97
-122.6,0,0,0,1620755550.752
-123.2,0,0,0,1620757350.563
-124,0,0,0,1620759150.33
-123.6,0,0,0,1620760950.126
-123.4,0,0,0,1620762749.9
-123.4,0,0,0,1620764549.664
-123.2,0,0,0,1620768149.236
-123.4,0,0,0,1620769949.006
-123.2,0,0,0,1620771748.808
-123.2,0,0,0,1620773548.579
-123.2,0,0,0,1620775348.344
-123.6,0,0,0,1620777148.13
-123.4,0,0,0,1620778947.92
-123.4,0,0,0,1620780747.69
-123.2,0,0,0,1620782547.481
-123.2,0,0,0,1620784347.248
-123.6,0,0,0,1620786147.044
-123.2,0,0,0,1620787946.821
-123.6,0,0,0,1620789746.596
-123.6,0,0,0,1620791546.385
-123.8,0,0,0,1620793346.16
-123.4,0,0,0,1620795145.944
-122.6,0,0,0,1620796945.733
-122.4,0,0,0,1620798745.522
-121.8,0,0,0,1620802345.081
-122.4,0,0,0,1620804144.846
-122.8,0,0,0,1620805944.646
-121,0,0,0,1620807744.406
-122.2,0,0,0,1620809544.189
-122,0,0,0,1620811343.977
-122.4,0,0,0,1620813143.774
-121.6,0,0,0,1620814943.555
-122.4,0,0,0,1620816743.331
-122.2,0,0,0,1620818543.092
-122.4,0,0,0,1620820342.874
-122,0,0,0,1620822142.665
-122.6,0,0,0,1620823942.443
-121.2,0,0,0,1620825742.238
-121.2,0,0,0,1620827542.005
-122,0,0,0,1620829341.792
-121.8,0,0,0,1620831141.568
-122.8,0,0,0,1620832941.357
-123.2,0,0,0,1620834741.136
-123.8,0,0,0,1620836540.915
-122.8,0,0,0,1620838340.7
-123.6,0,0,0,1620840140.476
-123.6,0,0,0,1620841940.259
-123.4,0,0,0,1620843740.027
-123.8,0,0,0,1620845539.806
-124.2,0,0,0,1620847339.589
-123.8,0,0,0,1620849139.376
-124,0,0,0,1620850939.152
-123.8,0,0,0,1620852738.933
-123.8,0,0,0,1620854538.774
-124,0,0,0,1620856338.494
-124.2,0,0,0,1620858138.328
-124,0,0,0,1620859938.077
-124.4,0,0,0,1620861737.891
-124,0,0,0,1620863537.624
-124,0,0,0,1620865337.43
-124,0,0,0,1620867137.203
-124,0,0,0,1620868936.981
-124,0,0,0,1620870736.745
-123.6,0,0,0,1620872536.527
-123.2,0,0,0,1620874336.325
-122.8,0,0,0,1620876136.113
-122.6,0,0,0,1620877935.879
-123.4,0,0,0,1620879735.655
-122.8,0,0,0,1620881535.46
-122.8,0,0,0,1620883335.219
-122.6,0,0,0,1620885134.994
-121.8,0,0,0,1620886934.776
-121,0,0,0,1620888734.577
-121.6,0,0,0,1620890534.336
-122,0,0,0,1620892334.126
-121.6,0,0,0,1620894133.935
-121.2,0,0,0,1620895933.691
-121.4,0,0,0,1620897733.52
-121,0,0,0,1620899533.241
-122.2,0,0,0,1620901333.024
-122,0,0,0,1620903132.825
-122,0,0,0,1620904932.599
-121.6,0,0,0,1620906732.377
-122.4,0,0,0,1620908532.163
-122.2,0,0,0,1620910331.933
-122.4,0,0,0,1620912131.734
-122,0,0,0,1620913931.503
-123.2,0,0,0,1620915731.281
-122.8,0,0,0,1620917531.06
-122.6,0,0,0,1620919330.845
-122.2,0,0,0,1620921130.629
-121,0,0,0,1620922930.411
-122,0,0,0,1620924730.186
-122.2,0,0,0,1620926529.982
-121.6,0,0,0,1620928329.743
-122.4,0,0,0,1620930129.523
-122.6,0,0,0,1620931929.314
-123,0,0,0,1620933729.076
-122.4,0,0,0,1620935528.875
-122.6,0,0,0,1620937328.647
-122.8,0,0,0,1620939128.438
-122.8,0,0,0,1620940928.212
-122.8,0,0,0,1620942727.989
-123,0,0,0,1620944527.788
-123.2,0,0,0,1620946327.554
-123.4,0,0,0,1620948127.338
-123.2,0,0,0,1620949927.118
-123,0,0,0,1620951726.937
-123,0,0,0,1620953526.683
-123,0,0,0,1620955326.459
-123,0,0,0,1620957126.25
-122.8,0,0,0,1620958926.026
-123,0,0,0,1620960725.803
-122.8,0,0,0,1620964325.38
-122.6,0,0,0,1620966125.15
-122.6,0,0,0,1620967924.933
-121,0,0,0,1620969724.74
-121.2,0,0,0,1620971524.497
-121.2,0,0,0,1620973324.272
-120.6,0,0,0,1620975124.059
-121,0,0,0,1620976923.828
-120.8,0,0,0,1620978723.624
-120.8,0,0,0,1620980523.401
-121,0,0,0,1620982323.168
-121,0,0,0,1620984122.977
-121,0,0,0,1620985922.738
-121,0,0,0,1620987722.56
-121.2,0,0,0,1620989522.306
-121,0,0,0,1620991322.084
-120.4,0,0,0,1620993121.873
-121,0,0,0,1620994921.63
-121.2,0,0,0,1620996721.433
-121,0,0,0,1620998521.224
-121.4,0,0,0,1621000320.986
-121,0,0,0,1621002120.776
-121.4,0,0,0,1621003920.557
-122,0,0,0,1621005720.343
-122.2,0,0,0,1621007520.118
-122.6,0,0,0,1621009319.921
-121.2,0,0,0,1621011119.674
-121,0,0,0,1621012919.463
-122.2,0,0,0,1621014719.236
-122,0,0,0,1621016519.017
-122.8,0,0,0,1621020118.601
-124.8,0,0,0,1621021918.364
-125.4,0,0,0,1621023718.143
-126,0,0,0,1621025517.916
-127,0,0,0,1621027317.703
-127.4,0,0,0,1621029117.479
-127.4,0,0,0,1621030917.29
-128.2,0,0,0,1621032717.051
-128,0,0,0,1621034516.861
-128.4,0,0,0,1621036316.683
-128.4,0,0,0,1621038116.445
-128.4,0,0,0,1621039916.173
-128.6,0,0,0,1621041715.954
-129.2,0,0,0,1621043515.737
-129.4,0,0,0,1621045315.521
-129.2,0,0,0,1621047115.296
-129.8,0,0,0,1621048915.077
-130,0,0,0,1621050714.858
-130,0,0,0,1621052514.662
-129.6,0,0,0,1621054314.438
-128.8,0,0,0,1621056114.233
-126.4,0,0,0,1621057914.018
-125,0,0,0,1621059713.762
-124,0,0,0,1621061513.55
-123.8,0,0,0,1621063313.355
-123.2,0,0,0,1621065113.111
-123.6,0,0,0,1621066912.899
-123.2,0,0,0,1621068712.684
-122.4,0,0,0,1621070512.442
-122.4,0,0,0,1621072312.247
-122.4,0,0,0,1621074112.028
-122.2,0,0,0,1621075911.825
-122.6,0,0,0,1621077711.633
-122,0,0,0,1621079511.366
-122,0,0,0,1621081311.134
-121.6,0,0,0,1621083110.936
-121.6,0,0,0,1621084910.72
-121.8,0,0,0,1621086710.5
-121,0,0,0,1621088510.272
-121,0,0,0,1621090310.044
-121.2,0,0,0,1621092109.833
-121,0,0,0,1621093909.608
-121.4,0,0,0,1621095709.403
-121.2,0,0,0,1621097509.172
-121,0,0,0,1621099308.948
-121,0,0,0,1621101108.739
-120.8,0,0,0,1621104708.299
-121,0,0,0,1621106508.07
-121,0,0,0,1621108307.861
-121,0,0,0,1621110107.634
-121,0,0,0,1621111907.428
-120.8,0,0,0,1621113707.213
-121.2,0,0,0,1621115506.992
-121,0,0,0,1621117306.78
-121,0,0,0,1621119106.544
-121.4,0,0,0,1621120906.32
-120.6,0,0,0,1621122706.111
-121,0,0,0,1621124505.913
-121.2,0,0,0,1621126305.657
-121,0,0,0,1621128105.464
-120.8,0,0,0,1621129905.233
-121,0,0,0,1621131705.013
-121,0,0,0,1621133504.793
-121,0,0,0,1621135304.574
-121.2,0,0,0,1621137104.349
-121.2,0,0,0,1621138904.161
-120.8,0,0,0,1621140703.979
-121,0,0,0,1621142503.694
-120.2,0,0,0,1621144303.471
-120.2,0,0,0,1621146103.256
-120.4,0,0,0,1621147903.049
-120.6,0,0,0,1621149702.832
-120,0,0,0,1621151502.607
-120.4,0,0,0,1621153302.386
-119.8,0,0,0,1621155102.159
-120,0,0,0,1621156901.953
-120.2,0,0,0,1621158701.729
-119.8,0,0,0,1621160501.521
-120.2,0,0,0,1621162301.303
-119.8,0,0,0,1621164101.066
-120.6,0,0,0,1621165900.876
-120.4,0,0,0,1621167700.642
-120,0,0,0,1621169500.416
-120,0,0,0,1621173099.988
-120,0,0,0,1621174899.756
-119.4,0,0,0,1621178499.316
-119.8,0,0,0,1621180299.131
-120,0,0,0,1621182098.879
-119.6,0,0,0,1621183898.663
-119.6,0,0,0,1621185698.48
-119.8,0,0,0,1621187498.227
-120,0,0,0,1621189298.011
-119.8,0,0,0,1621191097.811
-120.4,0,0,0,1621192897.571
-119.6,0,0,0,1621194697.359
-119.8,0,0,0,1621196497.126
-119.6,0,0,0,1621198296.904
-120.2,0,0,0,1621200096.74
-119.6,0,0,0,1621201896.478
-120.4,0,0,0,1621203696.254
-120,0,0,0,1621205496.045
-119.8,0,0,0,1621207295.818
-119.2,0,0,0,1621209095.6
-119.2,0,0,0,1621210895.402
-119.8,0,0,0,1621212695.162
-119.4,0,0,0,1621214494.95
-119.4,0,0,0,1621216294.725
-120.2,0,0,0,1621218094.513
-119.4,0,0,0,1621219894.292
-119.6,0,0,0,1621221694.061
-119.6,0,0,0,1621223493.854
-119.2,0,0,0,1621227093.425
-119.4,0,0,0,1621228893.199
-118.6,0,0,0,1621230692.973
-118.8,0,0,0,1621232492.754
-118.8,0,0,0,1621234292.539
-119,0,0,0,1621236092.317
-119,0,0,0,1621237892.106
-118.8,0,0,0,1621241491.672
-119,0,0,0,1621243291.452
-119.2,0,0,0,1621245091.217
-119,0,0,0,1621246891.003
-119.2,0,0,0,1621248690.804
-119,0,0,0,1621250490.571
-119.2,0,0,0,1621252290.353
-119.4,0,0,0,1621254090.133
-119.2,0,0,0,1621255889.907
-119.2,0,0,0,1621257689.689
-119.6,0,0,0,1621259489.473
-119.4,0,0,0,1621261289.258
-119.4,0,0,0,1621263089.038
-119.2,0,0,0,1621264888.824
-119.6,0,0,0,1621266688.623
-119.6,0,0,0,1621270288.157
-119.6,0,0,0,1621272087.925
-120.6,0,0,0,1621273887.711
-119.8,0,0,0,1621275687.499
-119.4,0,0,0,1621277487.282
-120,0,0,0,1621279287.067
-120.2,0,0,0,1621281086.853
-119.8,0,0,0,1621282886.624
-119.6,0,0,0,1621284686.411
-119.4,0,0,0,1621286486.185
-119.6,0,0,0,1621288285.966
-119.8,0,0,0,1621291885.554
-119.8,0,0,0,1621293685.32
-119.8,0,0,0,1621295485.094
-119.4,0,0,0,1621297284.88
-119.4,0,0,0,1621299084.658
-119.2,0,0,0,1621300884.437
-119.4,0,0,0,1621302684.231
-119.4,0,0,0,1621304484.012
-119.2,0,0,0,1621306283.791
-119.4,0,0,0,1621308083.572
-119.6,0,0,0,1621309883.42
-119,0,0,0,1621311683.126
-119.2,0,0,0,1621313482.902
-118.6,0,0,0,1621315282.718
-118.2,0,0,0,1621317082.479
-118.4,0,0,0,1621320682.028
-117.8,0,0,0,1621322481.872
-118.2,0,0,0,1621324281.594
-118.4,0,0,0,1621326081.389
-118.2,0,0,0,1621327881.163
-118.2,0,0,0,1621329680.941
-118.2,0,0,0,1621331480.726
-118.4,0,0,0,1621333280.513
-118.8,0,0,0,1621335080.285
-118.8,0,0,0,1621336880.059
-118.6,0,0,0,1621338679.839
-118.4,0,0,0,1621340479.625
-118.4,0,0,0,1621342279.409
-119.4,0,0,0,1621344079.189
-119,0,0,0,1621345878.991
-118.8,0,0,0,1621347678.745
-118.6,0,0,0,1621349478.533
-118.4,0,0,0,1621351278.305
-118.8,0,0,0,1621353078.085
-119.2,0,0,0,1621354877.854
-119,0,0,0,1621356677.653
-119.4,0,0,0,1621358477.427
-131.8,0,0,0,1621360277.21
-125,0,0,0,1621363876.781
-124,0,0,0,1621365676.553
-122,0,0,0,1621367476.35
-121.2,0,0,0,1621371075.902
-121.2,0,0,0,1621372875.685
-121,0,0,0,1621376475.399
-121.6,0,0,0,1621378275.04
-121,0,0,0,1621380074.799
-121,0,0,0,1621381874.598
-121.2,0,0,0,1621383674.356
-121,0,0,0,1621385474.148
-121,0,0,0,1621387273.927
-121,0,0,0,1621389073.73
-120.8,0,0,0,1621390873.489
-121,0,0,0,1621392673.269
-120.2,0,0,0,1621394473.073
-120.8,0,0,0,1621396272.832
-120.4,0,0,0,1621398072.595
-120.2,0,0,0,1621399872.392
-120.2,0,0,0,1621401672.179
-120.8,0,0,0,1621403471.954
-121,0,0,0,1621405271.726
-120.8,0,0,0,1621407071.521
-121.2,0,0,0,1621408871.305
-121,0,0,0,1621410671.093
-121.6,0,0,0,1621412470.871
-121.6,0,0,0,1621414270.648
-121.6,0,0,0,1621416070.426
-121.4,0,0,0,1621417870.205
-121.6,0,0,0,1621419669.972
-122.2,0,0,0,1621421469.749
-122.2,0,0,0,1621423269.545
-122.4,0,0,0,1621425069.335
-122.6,0,0,0,1621426869.109
-122.6,0,0,0,1621428668.897
-123.8,0,0,0,1621432268.457
-123.6,0,0,0,1621434068.244
-124,0,0,0,1621435868.036
-123.2,0,0,0,1621437667.788
-123.2,0,0,0,1621439467.575
-124.4,0,0,0,1621441267.355
-124.4,0,0,0,1621443067.153
-125,0,0,0,1621444866.918
-125.4,0,0,0,1621446666.701
-136,0,0,0,1621448466.476
-124.4,0,0,0,1621450266.281
-124.4,0,0,0,1621452066.045
-125.4,0,0,0,1621453865.816
-126.8,0,0,0,1621455665.6
-127.8,0,0,0,1621457465.377
-130.6,0,0,0,1621461064.951
-131,0,0,0,1621462864.729
-132,0,0,0,1621464664.515
-132.4,0,0,0,1621466464.291
-133.4,0,0,0,1621468264.087
-134.4,0,0,0,1621470063.852
-134.6,0,0,0,1621471863.651
-135,0,0,0,1621473663.407
-135.4,0,0,0,1621475463.245
-135.8,0,0,0,1621477262.973
-136.8,0,0,0,1621479062.808
-136.8,0,0,0,1621480862.533
-137,0,0,0,1621482662.318
-137.8,0,0,0,1621486261.887
-136.4,0,0,0,1621488061.676
-135,0,0,0,1621489861.441
-135,0,0,0,1621491661.223
-134,0,0,0,1621493461.009
-135,0,0,0,1621495260.787
-134,0,0,0,1621497060.56
-135.2,0,0,0,1621498860.36
-136.2,0,0,0,1621500660.126
-134.8,0,0,0,1621502459.905
-134,0,0,0,1621504259.736
-135,0,0,0,1621506059.474
-134,0,0,0,1621507859.257
-133.6,0,0,0,1621509659.034
-132.6,0,0,0,1621511458.812
-132,0,0,0,1621513258.615
-132.4,0,0,0,1621515058.376
-131.2,0,0,0,1621516858.164
-130.8,0,0,0,1621518657.949
-131.2,0,0,0,1621520457.723
-129.8,0,0,0,1621522257.499
-130.2,0,0,0,1621524057.277
-131,0,0,0,1621525857.073
-131.2,0,0,0,1621527656.87
-132,0,0,0,1621529456.643
-131.8,0,0,0,1621531256.4
-131.8,0,0,0,1621533056.183
-130.6,0,0,0,1621534856.012
-130.4,0,0,0,1621536655.752
-130.8,0,0,0,1621538455.535
-131,0,0,0,1621540255.308
-130.6,0,0,0,1621542055.08
-130.8,0,0,0,1621543854.88
-130.8,0,0,0,1621545654.647
-131,0,0,0,1621547454.441
-130.8,0,0,0,1621549254.241
-131,0,0,0,1621551054.006
-131,0,0,0,1621552853.788
-131,0,0,0,1621554653.559
-131,0,0,0,1621556453.335
-131.2,0,0,0,1621558253.129
-131.2,0,0,0,1621560052.909
-131.6,0,0,0,1621561852.689
-131,0,0,0,1621563652.472
-132,0,0,0,1621565452.248
-131.4,0,0,0,1621567252.028
-131,0,0,0,1621569051.809
-131.2,0,0,0,1621570851.595
-131,0,0,0,1621572651.376
-131.4,0,0,0,1621574451.148
-131.8,0,0,0,1621576250.945
-131.6,0,0,0,1621579850.521
-131.2,0,0,0,1621581650.283
-130.8,0,0,0,1621583450.066
-130.2,0,0,0,1621585249.842
-129.2,0,0,0,1621587049.617
-129.4,0,0,0,1621588849.401
-128.6,0,0,0,1621590649.186
-128.2,0,0,0,1621592448.96
-127.2,0,0,0,1621594248.872
-127.4,0,0,0,1621596048.541
-126.2,0,0,0,1621597848.326
-126.2,0,0,0,1621599648.088
-126,0,0,0,1621601447.867
-125.8,0,0,0,1621603247.655
-125.6,0,0,0,1621606847.218
-119.6,0,0,0,1621608646.993
-118.6,0,0,0,1621612246.553
-119.2,0,0,0,1621614046.33
-119.8,0,0,0,1621615846.123
-121,0,0,0,1621617645.898
-121,0,0,0,1621619445.757
-122,0,0,0,1621621245.447
-122,0,0,0,1621623045.225
-121.6,0,0,0,1621624845.052
-122.2,0,0,0,1621626644.839
-122.4,0,0,0,1621628444.584
-122,0,0,0,1621630244.37
-121.4,0,0,0,1621633843.927
-121.6,0,0,0,1621635643.719
-120.8,0,0,0,1621637443.518
-121.4,0,0,0,1621641043.064
-121,0,0,0,1621642842.86
-121.2,0,0,0,1621644642.66
-121,0,0,0,1621646442.403
-121,0,0,0,1621648242.167
-121.4,0,0,0,1621650041.95
-121.4,0,0,0,1621651841.725
-121.4,0,0,0,1621653641.546
-121.2,0,0,0,1621655441.302
-121,0,0,0,1621657241.089
-121,0,0,0,1621659040.9
-121.4,0,0,0,1621660840.632
-121.2,0,0,0,1621662640.465
-121.2,0,0,0,1621664440.232
-121.4,0,0,0,1621666239.995
-122.4,0,0,0,1621668039.783
-122,0,0,0,1621669839.568
-122,0,0,0,1621671639.331
-121.4,0,0,0,1621673439.116
-122.4,0,0,0,1621677038.689
-123.2,0,0,0,1621678838.459
-123.2,0,0,0,1621680638.229
-123.4,0,0,0,1621682438.009
-123.8,0,0,0,1621684237.879
-123.8,0,0,0,1621687837.363
-123.2,0,0,0,1621691436.925
-123,0,0,0,1621693236.697
-123.2,0,0,0,1621696836.275
-124,0,0,0,1621698636.047
-123.4,0,0,0,1621700435.823
-122.8,0,0,0,1621702235.604
-122.6,0,0,0,1621704035.39
-123,0,0,0,1621705835.197
-122.8,0,0,0,1621707634.946
-122.2,0,0,0,1621709434.727
-121.8,0,0,0,1621711234.511
-122,0,0,0,1621713034.293
-122,0,0,0,1621714834.077
-122,0,0,0,1621716633.863
-121.2,0,0,0,1621718433.641
-121.8,0,0,0,1621720233.422
-121.2,0,0,0,1621723832.987
-121,0,0,0,1621725632.76
-121,0,0,0,1621727432.538
-121,0,0,0,1621729232.322
-121,0,0,0,1621731032.103
-121.2,0,0,0,1621732831.891
-121,0,0,0,1621734631.664
-120.8,0,0,0,1621736431.45
-120.4,0,0,0,1621738231.244
-120.4,0,0,0,1621740031.028
-120.2,0,0,0,1621741830.78
-120.6,0,0,0,1621743631.321
-121.2,0,0,0,1621747230.139
-121.6,0,0,0,1621749029.936
-121.8,0,0,0,1621750829.694
-123,0,0,0,1621752629.492
-123,0,0,0,1621756229.047
-123.8,0,0,0,1621758028.831
-123.8,0,0,0,1621759828.601
-124.8,0,0,0,1621761628.397
-124.8,0,0,0,1621763428.166
-125.4,0,0,0,1621765227.959
-126,0,0,0,1621767027.729
-124.8,0,0,0,1621768827.517
-125.6,0,0,0,1621770627.272
-125.4,0,0,0,1621772427.054
-125.6,0,0,0,1621774226.843
-124.8,0,0,0,1621776026.629
-127.4,0,0,0,1621777826.422
-126,0,0,0,1621779626.203
-127.6,0,0,0,1621781425.978
-127,0,0,0,1621783225.746
-129,0,0,0,1621785025.52
-126,0,0,0,1621786825.304
-125.2,0,0,0,1621788625.095
-125.4,0,0,0,1621790424.885
-124.8,0,0,0,1621792224.647
-127.6,0,0,0,1621794024.429
-127.4,0,0,0,1621795824.214
-126.4,0,0,0,1621797623.99
-126.8,0,0,0,1621799423.779
-126.4,0,0,0,1621801223.583
-126,0,0,0,1621803023.35
-126,0,0,0,1621804823.12
-126,0,0,0,1621806622.901
-126,0,0,0,1621808422.695
-126.2,0,0,0,1621810222.469
-125.6,0,0,0,1621812022.228
-126,0,0,0,1621813822.028
-126,0,0,0,1621815621.829
-125.6,0,0,0,1621817421.592
-126.2,0,0,0,1621819221.398
-125.6,0,0,0,1621821021.159
-125.6,0,0,0,1621822820.951
-124.8,0,0,0,1621824620.718
-123.6,0,0,0,1621826420.497
-122.2,0,0,0,1621828220.296
-121.6,0,0,0,1621830020.05
-121.6,0,0,0,1621831819.839
-122.8,0,0,0,1621835419.413
-132.2,0,0,0,1621837219.178
-131,0,0,0,1621839018.961
-130.8,0,0,0,1621840818.745
-134,0,0,0,1621842618.525
-136.8,0,0,0,1621844418.324
0,0,0,0,1621846218.027
0,0,0,0,1621848017.762
0,0,0,0,1621849817.504
0,0,0,0,1621851617.237
0,0,0,0,1621853416.972
-136.8,0,0,0,1621855216.745
-137,0,0,0,1621857016.527
-136,0,0,0,1621858816.309
-134.4,0,0,0,1621860616.091
-134.4,0,0,0,1621862415.88
-134.8,0,0,0,1621864215.658
-135.4,0,0,0,1621866015.438
-136.2,0,0,0,1621867815.223
-135.2,0,0,0,1621869615
-136.4,0,0,0,1621871414.777
-137.6,0,0,0,1621873214.561
-136,0,0,0,1621875014.343
-126.8,0,0,0,1621876814.126
-125.2,0,0,0,1621878613.908
-125,0,0,0,1621880413.682
-125.8,0,0,0,1621882213.461
-125.8,0,0,0,1621884013.254
-126.2,0,0,0,1621885813.018
-126,0,0,0,1621887612.801
-126.4,0,0,0,1621889412.603
-126.4,0,0,0,1621891212.538
-126.8,0,0,0,1621893012.153
-127.4,0,0,0,1621894811.937
-126.6,0,0,0,1621896611.741
-127.2,0,0,0,1621898411.493
-126.6,0,0,0,1621900211.29
-126.8,0,0,0,1621902011.079
-126.8,0,0,0,1621903810.851
-127,0,0,0,1621905610.619
-127,0,0,0,1621907410.392
-127.6,0,0,0,1621909210.183
-127.4,0,0,0,1621911009.967
-127.4,0,0,0,1621912809.756
-127.4,0,0,0,1621914609.52
-127.4,0,0,0,1621916409.311
-127.2,0,0,0,1621918209.078
-127.4,0,0,0,1621920008.876
-127.4,0,0,0,1621921808.647
-128.2,0,0,0,1621923608.439
-128,0,0,0,1621925408.21
-129,0,0,0,1621927207.99
-128.6,0,0,0,1621929007.793
-129,0,0,0,1621930807.565
-129.6,0,0,0,1621932607.34
-130,0,0,0,1621934407.11
-130.4,0,0,0,1621936206.923
-130.6,0,0,0,1621938006.685
-130.8,0,0,0,1621939806.458
-130.8,0,0,0,1621941606.244
-130.8,0,0,0,1621943406.044
-131,0,0,0,1621945205.797
-130.8,0,0,0,1621947005.587
-131.2,0,0,0,1621948805.37
-130.2,0,0,0,1621950605.151
-130.4,0,0,0,1621952404.941
-130.2,0,0,0,1621954204.729
-131,0,0,0,1621956004.5
-131,0,0,0,1621957804.287
-131,0,0,0,1621959604.054
-131,0,0,0,1621961403.833
-131,0,0,0,1621963203.615
-131,0,0,0,1621965003.398
-130.8,0,0,0,1621966803.181
-130.6,0,0,0,1621968602.956
-130.6,0,0,0,1621970402.742
-130.4,0,0,0,1621972202.527
-130,0,0,0,1621974002.304
-129.6,0,0,0,1621975802.091
-129.8,0,0,0,1621977601.854
-129.8,0,0,0,1621979401.65
-129.8,0,0,0,1621981201.412
-130,0,0,0,1621983001.348
-130.2,0,0,0,1621984800.985
-129.8,0,0,0,1621986600.764
-130,0,0,0,1621988400.567
-130,0,0,0,1621990200.343
-130,0,0,0,1621992000.13
-129.8,0,0,0,1621993799.884
-129.6,0,0,0,1621995599.668
-129.8,0,0,0,1621997399.463
-129.4,0,0,0,1621999199.23
-129,0,0,0,1622000999.009
-128.8,0,0,0,1622002798.796
-129,0,0,0,1622004598.564
-129.2,0,0,0,1622006398.352
-130,0,0,0,1622008198.129
-129.8,0,0,0,1622009997.938
-130.6,0,0,0,1622011797.735
-130.8,0,0,0,1622013597.517
-130.6,0,0,0,1622015397.292
-130.2,0,0,0,1622017197.04
-130,0,0,0,1622018996.837
-130.2,0,0,0,1622020796.606
-129.4,0,0,0,1622022596.408
-129.2,0,0,0,1622024396.177
-128.6,0,0,0,1622026195.956
-128.6,0,0,0,1622029795.527
-128.6,0,0,0,1622031595.311
-128.4,0,0,0,1622033395.077
-127.8,0,0,0,1622035194.851
-127.2,0,0,0,1622036994.635
-127.4,0,0,0,1622038794.412
-127.6,0,0,0,1622040594.201
-127.4,0,0,0,1622042393.987
-127.2,0,0,0,1622044193.761
-127.4,0,0,0,1622045993.561
-126.8,0,0,0,1622047793.327
-126.6,0,0,0,1622049593.113
-126.8,0,0,0,1622051392.893
-126.6,0,0,0,1622053192.674
-126.6,0,0,0,1622054992.464
-126.2,0,0,0,1622056792.229
-126.4,0,0,0,1622058592.011
-126.2,0,0,0,1622060391.779
-126.2,0,0,0,1622062191.566
-126,0,0,0,1622063991.349
-126,0,0,0,1622065791.129
-126,0,0,0,1622067590.913
-125.8,0,0,0,1622069390.707
-125.2,0,0,0,1622071190.495
-125.8,0,0,0,1622072990.245
-125,0,0,0,1622074790.056
-125.6,0,0,0,1622076589.837
-125.4,0,0,0,1622078389.602
-125.2,0,0,0,1622080189.371
-125,0,0,0,1622081989.191
-125,0,0,0,1622083788.938
-125.2,0,0,0,1622085588.728
-125.2,0,0,0,1622087388.515
-125,0,0,0,1622089188.295
-125,0,0,0,1622090988.068
-125.2,0,0,0,1622092787.842
-125,0,0,0,1622094587.629
-125.2,0,0,0,1622096387.408
-125,0,0,0,1622098187.196
-124.6,0,0,0,1622099986.969
-124.4,0,0,0,1622101786.765
-124.8,0,0,0,1622103586.544
-125.2,0,0,0,1622105386.324
-124.8,0,0,0,1622107186.096
-125,0,0,0,1622108985.876
-125.2,0,0,0,1622110785.665
-125.2,0,0,0,1622112585.446
-125.2,0,0,0,1622114385.231
-125,0,0,0,1622116185.009
-125,0,0,0,1622117984.782
-125.2,0,0,0,1622119784.556
-125.6,0,0,0,1622121584.347
-125,0,0,0,1622123384.14
-125,0,0,0,1622125183.913
-125.2,0,0,0,1622126983.692
-125.4,0,0,0,1622128783.456
-125.2,0,0,0,1622130583.246
-125,0,0,0,1622132383.038
-125.2,0,0,0,1622134182.818
-124.8,0,0,0,1622135982.603
-124.8,0,0,0,1622137782.373
-125.2,0,0,0,1622139582.155
-125,0,0,0,1622141381.939
-125,0,0,0,1622143181.714
-124.8,0,0,0,1622144981.496
-125,0,0,0,1622146781.275
-124.8,0,0,0,1622148581.068
-124.8,0,0,0,1622150380.839
-124.8,0,0,0,1622152180.615
-124.8,0,0,0,1622153980.453
-24.8,0,0,0,1622155780.195
-124.6,0,0,0,1622157579.974
-124.8,0,0,0,1622159379.753
-124.8,0,0,0,1622161179.516
-124.4,0,0,0,1622162979.408
-124.6,0,0,0,1622164779.108
-124.4,0,0,0,1622166578.868
-124.4,0,0,0,1622168378.658
-124.4,0,0,0,1622170178.435
-124.2,0,0,0,1622171978.207
-123.8,0,0,0,1622173778
-124,0,0,0,1622175577.785
-123.8,0,0,0,1622177377.556
-124,0,0,0,1622179177.338
-123.8,0,0,0,1622180977.118
-124,0,0,0,1622182776.907
-123.8,0,0,0,1622184576.69
-124.2,0,0,0,1622186376.538
-123.8,0,0,0,1622188176.255
-123.8,0,0,0,1622189976.021
-123.8,0,0,0,1622191775.809
-124.6,0,0,0,1622193575.59
-124.6,0,0,0,1622195375.364
-124.6,0,0,0,1622197175.146
-125.2,0,0,0,1622198974.923
-125,0,0,0,1622200774.708
-124.6,0,0,0,1622202574.504
-124.2,0,0,0,1622204374.272
-123.8,0,0,0,1622206174.063
-124,0,0,0,1622207973.841
-124.6,0,0,0,1622209773.624
-124,0,0,0,1622211573.4
-124,0,0,0,1622213373.187
-124.2,0,0,0,1622215172.961
-124.2,0,0,0,1622216972.731
-125,0,0,0,1622218772.519
-124.4,0,0,0,1622220572.306
-124.4,0,0,0,1622222372.098
-124.6,0,0,0,1622224171.86
-124,0,0,0,1622225971.639
-123.8,0,0,0,1622227771.416
-124.2,0,0,0,1622229571.233
-125.6,0,0,0,1622231370.985
-125.8,0,0,0,1622233170.775
-126.2,0,0,0,1622234970.545
-126,0,0,0,1622236770.327
-125.4,0,0,0,1622238570.111
-126,0,0,0,1622240369.885
-126.2,0,0,0,1622242169.711
-125.8,0,0,0,1622243969.467
-125.8,0,0,0,1622245769.38
-126,0,0,0,1622247569.032
-126.4,0,0,0,1622249368.799
-126.2,0,0,0,1622251168.586
-125.8,0,0,0,1622252968.379
-125.6,0,0,0,1622254768.139
-125.6,0,0,0,1622256567.923
-126.2,0,0,0,1622258367.724
-126,0,0,0,1622260167.483
-126,0,0,0,1622261967.274
-125.8,0,0,0,1622263767.051
-125,0,0,0,1622265566.834
-125.2,0,0,0,1622267366.632
-124.6,0,0,0,1622269166.409
-124.2,0,0,0,1622270966.176
-124,0,0,0,1622274565.741
-124.2,0,0,0,1622278165.306
-123.6,0,0,0,1622279965.106
-124,0,0,0,1622281764.879
-124,0,0,0,1622283564.657
-124,0,0,0,1622285364.437
-124,0,0,0,1622287164.21
-123.8,0,0,0,1622288963.977
-124.2,0,0,0,1622290763.763
-124.4,0,0,0,1622292563.55
-124.8,0,0,0,1622294363.331
-124.6,0,0,0,1622296163.108
-125,0,0,0,1622297962.892
-124.6,0,0,0,1622299762.67
-124.8,0,0,0,1622301562.455
-126.2,0,0,0,1622303362.22
-124.8,0,0,0,1622305162.015
-125.8,0,0,0,1622306961.805
-126.2,0,0,0,1622308761.577
-126.6,0,0,0,1622310561.354
-126.2,0,0,0,1622312361.135
-126.6,0,0,0,1622314160.915
-126.6,0,0,0,1622315960.707
-127,0,0,0,1622317760.488
-126.2,0,0,0,1622319560.272
-126.6,0,0,0,1622323159.821
-127,0,0,0,1622324959.594
-127,0,0,0,1622326759.686
-127,0,0,0,1622328559.171
-126.4,0,0,0,1622330358.957
-127.4,0,0,0,1622332158.738
-127.2,0,0,0,1622333958.504
-127,0,0,0,1622335758.287
-127,0,0,0,1622337558.07
-127.2,0,0,0,1622339357.85
-127,0,0,0,1622341157.634
-126.8,0,0,0,1622342957.419
-127,0,0,0,1622344757.21
-127,0,0,0,1622346556.992
-126.2,0,0,0,1622350156.54
-126.2,0,0,0,1622351956.32
-126,0,0,0,1622353756.099
-125.4,0,0,0,1622355555.883
-124.8,0,0,0,1622357355.663
-124,0,0,0,1622359155.451
-124.2,0,0,0,1622360955.22
-124.8,0,0,0,1622362755.014
-125.2,0,0,0,1622364554.792
-124.8,0,0,0,1622366354.571
-125,0,0,0,1622368154.351
-124.8,0,0,0,1622369954.133
-125.2,0,0,0,1622371753.917
-124.6,0,0,0,1622373553.745
-125.2,0,0,0,1622375353.469
-125.4,0,0,0,1622377153.25
-125.4,0,0,0,1622378953.059
-124.6,0,0,0,1622380752.838
-124.8,0,0,0,1622382552.583
-125.2,0,0,0,1622384352.371
-125.2,0,0,0,1622386152.159
-125,0,0,0,1622387951.946
-125.2,0,0,0,1622389751.725
-126.4,0,0,0,1622391551.502
-125.8,0,0,0,1622393351.284
-127.2,0,0,0,1622395151.062
-127.2,0,0,0,1622396950.844
-127,0,0,0,1622398750.628
-128,0,0,0,1622400550.416
-127.8,0,0,0,1622402350.211
-127.8,0,0,0,1622404149.988
-127.4,0,0,0,1622405949.742
-127.6,0,0,0,1622407749.537
-127.6,0,0,0,1622409549.311
-127,0,0,0,1622411349.098
-126.8,0,0,0,1622413148.88
-127.2,0,0,0,1622414948.703
-127.6,0,0,0,1622416748.45
-127,0,0,0,1622418548.225
-126.6,0,0,0,1622422147.809
-126.6,0,0,0,1622423947.587
-126.2,0,0,0,1622425747.364
-127,0,0,0,1622427547.118
-127.2,0,0,0,1622429346.899
-127.4,0,0,0,1622431146.7
-127.2,0,0,0,1622432946.487
-127,0,0,0,1622434746.271
-127.4,0,0,0,1622436546.067
-127,0,0,0,1622438345.822
-126.6,0,0,0,1622440145.597
-126.4,0,0,0,1622441945.372
-126,0,0,0,1622443745.17
-125.2,0,0,0,1622445544.942
-123.2,0,0,0,1622447344.723
-123.8,0,0,0,1622449144.498
-124.6,0,0,0,1622450944.291
-124,0,0,0,1622452744.058
-124,0,0,0,1622454543.837
-124.8,0,0,0,1622456343.611
-124.6,0,0,0,1622458143.403
-124.2,0,0,0,1622459943.197
-123.6,0,0,0,1622461742.969
-124.4,0,0,0,1622463542.749
-123.6,0,0,0,1622467142.31
-122.4,0,0,0,1622468942.083
-120.8,0,0,0,1622470741.87
-122.6,0,0,0,1622472541.649
-122.2,0,0,0,1622474341.418
-125.6,0,0,0,1622476141.203
-123.8,0,0,0,1622477940.979
-127.4,0,0,0,1622479740.775
-124.6,0,0,0,1622481540.547
-126.2,0,0,0,1622483340.332
-123.6,0,0,0,1622485140.145
-125.2,0,0,0,1622488739.699
-126.8,0,0,0,1622490539.456
-127.4,0,0,0,1622492339.245
-128,0,0,0,1622494139.017
-128.6,0,0,0,1622495938.79
-129,0,0,0,1622497738.594
-129,0,0,0,1622499538.385
-129.2,0,0,0,1622501338.169
-129.8,0,0,0,1622503137.922
-130,0,0,0,1622504937.728
-130.2,0,0,0,1622506737.487
-130.8,0,0,0,1622508537.275
-130.6,0,0,0,1622510337.056
-131,0,0,0,1622512136.825
-131.2,0,0,0,1622513936.627
-131.4,0,0,0,1622515736.415
-131.4,0,0,0,1622517536.186
-130.8,0,0,0,1622519335.964
-130.8,0,0,0,1622521135.743
-130.2,0,0,0,1622522935.51
-129.2,0,0,0,1622524735.289
-128,0,0,0,1622526535.082
-126.2,0,0,0,1622528334.865
-126.2,0,0,0,1622530134.644
-126.4,0,0,0,1622531934.428
-126.4,0,0,0,1622533734.204
-126.2,0,0,0,1622535534.01
-127.6,0,0,0,1622537333.769
-128.2,0,0,0,1622539133.551
-127.6,0,0,0,1622540933.324
-127.4,0,0,0,1622542733.106
-127,0,0,0,1622544532.883
-126.4,0,0,0,1622546332.669
-126.8,0,0,0,1622548132.46
-127.8,0,0,0,1622549932.226
-127.2,0,0,0,1622551732.009
-127.4,0,0,0,1622553531.791
-126.6,0,0,0,1622555331.582
-126.6,0,0,0,1622557131.355
-128,0,0,0,1622558931.138
-130,0,0,0,1622560730.921
-128.6,0,0,0,1622562530.708
-127.2,0,0,0,1622564330.478
-128.2,0,0,0,1622566130.253
-128,0,0,0,1622567930.054
-127.2,0,0,0,1622569729.832
-127.4,0,0,0,1622571529.612
-126.4,0,0,0,1622573329.379
-126.8,0,0,0,1622575129.161
-126.2,0,0,0,1622576928.97
-126.6,0,0,0,1622578728.725
-125.6,0,0,0,1622580528.502
-125.8,0,0,0,1622582328.28
-126.2,0,0,0,1622584128.07
-125.8,0,0,0,1622585927.848
-125.8,0,0,0,1622587727.661
-125.8,0,0,0,1622589527.431
-126,0,0,0,1622591327.224
-126.2,0,0,0,1622593126.969
-126.4,0,0,0,1622594926.769
-126.8,0,0,0,1622596726.537
-126.2,0,0,0,1622598526.354
-125.8,0,0,0,1622600326.101
-126,0,0,0,1622602125.901
-126.2,0,0,0,1622603925.651
-126.6,0,0,0,1622605725.461
-126.2,0,0,0,1622607525.226
-125.4,0,0,0,1622609325.007
-123.8,0,0,0,1622611124.786
-122.2,0,0,0,1622612924.571
-121.8,0,0,0,1622614724.37
-120.6,0,0,0,1622616524.128
-121,0,0,0,1622618323.904
-120.8,0,0,0,1622620123.702
-120.8,0,0,0,1622621923.467
-121.2,0,0,0,1622623723.243
-121.8,0,0,0,1622625523.036
-121.8,0,0,0,1622627322.829
-122.2,0,0,0,1622629122.604
-122.6,0,0,0,1622630922.378
-122.6,0,0,0,1622632722.161
-122.4,0,0,0,1622634521.943
-123.2,0,0,0,1622636321.725
-125.2,0,0,0,1622638121.484
-121,0,0,0,1622639921.274
-121,0,0,0,1622641721.066
-120.8,0,0,0,1622643520.833
-125.4,0,0,0,1622645320.65
-126,0,0,0,1622647120.41
-126.2,0,0,0,1622648920.19
-127.4,0,0,0,1622650719.965
-128.6,0,0,0,1622652519.757
-126.6,0,0,0,1622654319.521
-127.2,0,0,0,1622656119.305
-127.8,0,0,0,1622657919.099
-127.8,0,0,0,1622659718.867
-128.2,0,0,0,1622661518.641
-128,0,0,0,1622663318.422
-128.6,0,0,0,1622665118.227
-129,0,0,0,1622666917.996
-128.6,0,0,0,1622668717.78
-128.2,0,0,0,1622670517.563
-129,0,0,0,1622672317.329
-128.8,0,0,0,1622674117.13
-129.2,0,0,0,1622675916.898
-129.6,0,0,0,1622677716.679
-128.8,0,0,0,1622679516.461
-128.8,0,0,0,1622681316.253
-128.8,0,0,0,1622683116.018
-128.8,0,0,0,1622684915.816
-129,0,0,0,1622686715.583
-129,0,0,0,1622688515.358
-129.2,0,0,0,1622690315.157
-128.8,0,0,0,1622692114.922
-128,0,0,0,1622693914.726
-125.4,0,0,0,1622695714.493
-124,0,0,0,1622697514.271
-121.2,0,0,0,1622699314.055
-119.4,0,0,0,1622701113.839
-119.2,0,0,0,1622702913.615
-119,0,0,0,1622704713.394
-118.6,0,0,0,1622706513.206
-118.6,0,0,0,1622708312.957
-119,0,0,0,1622710112.744
-118.6,0,0,0,1622711912.514
-118.8,0,0,0,1622713712.306
-119,0,0,0,1622715512.083
-119.4,0,0,0,1622717311.861
-118.8,0,0,0,1622719111.623
-119,0,0,0,1622720911.434
-118.6,0,0,0,1622722711.203
-118.8,0,0,0,1622724510.99
-119,0,0,0,1622728110.555
-118.8,0,0,0,1622729910.341
-118.8,0,0,0,1622731710.106
-118.6,0,0,0,1622733509.908
-119.2,0,0,0,1622735309.672
-119,0,0,0,1622737109.47
-119,0,0,0,1622738909.238
-119.6,0,0,0,1622740709.02
-119.4,0,0,0,1622742508.794
-119.6,0,0,0,1622744308.571
-120,0,0,0,1622746108.368
-120,0,0,0,1622747908.142
-120.2,0,0,0,1622749707.918
-120.4,0,0,0,1622751507.702
-120,0,0,0,1622753307.489
-120.4,0,0,0,1622755107.276
-120.2,0,0,0,1622756907.06
-120.4,0,0,0,1622760506.664
-120.8,0,0,0,1622762306.395
-120.4,0,0,0,1622764106.165
-121,0,0,0,1622765905.97
-121,0,0,0,1622767705.756
-121,0,0,0,1622771305.301
-120.6,0,0,0,1622773105.084
-121,0,0,0,1622774904.861
-121.2,0,0,0,1622776704.635
-121.2,0,0,0,1622778504.429
-120.6,0,0,0,1622780304.201
-119.8,0,0,0,1622782103.987
-119.2,0,0,0,1622783903.799
-118.6,0,0,0,1622785703.553
-118.2,0,0,0,1622787503.335
-118,0,0,0,1622789303.124
-117.8,0,0,0,1622791102.897
-118.2,0,0,0,1622792902.68
-117.8,0,0,0,1622794702.457
-118,0,0,0,1622796502.235
-118.2,0,0,0,1622798302.021
-118.4,0,0,0,1622800101.8
-118.8,0,0,0,1622803701.399
-118.2,0,0,0,1622805501.134
-119,0,0,0,1622807300.929
-118.8,0,0,0,1622809100.706
-118.6,0,0,0,1622810900.506
-118,0,0,0,1622812700.278
-118.2,0,0,0,1622814500.044
-118.8,0,0,0,1622816299.83
-118,0,0,0,1622818099.606
-118,0,0,0,1622819899.393
-118.2,0,0,0,1622821699.17
-118.4,0,0,0,1622823498.955
-119.2,0,0,0,1622825298.744
-119,0,0,0,1622827098.518
-119,0,0,0,1622828898.293
-119,0,0,0,1622830698.082
-118.8,0,0,0,1622832497.886
-119,0,0,0,1622834297.649
-119.2,0,0,0,1622836097.418
-119,0,0,0,1622837897.256
-119,0,0,0,1622839696.989
-119.2,0,0,0,1622841496.773
-119.2,0,0,0,1622843296.555
-118.8,0,0,0,1622845096.746
-118.8,0,0,0,1622846896.111
-119,0,0,0,1622848695.901
-119.2,0,0,0,1622850495.693
-118.8,0,0,0,1622852295.463
-119,0,0,0,1622854095.246
-119,0,0,0,1622855895.017
-119.2,0,0,0,1622857694.815
-119,0,0,0,1622859494.595
-119,0,0,0,1622861294.538
-119.4,0,0,0,1622863094.155
-118.8,0,0,0,1622866693.739
-118.4,0,0,0,1622868493.516
-118.8,0,0,0,1622870293.275
-118.4,0,0,0,1622872093.072
-118,0,0,0,1622873892.831
-117,0,0,0,1622875692.618
-117,0,0,0,1622877492.39
-117.2,0,0,0,1622879292.189
-116.6,0,0,0,1622881091.988
-117.2,0,0,0,1622882891.771
-117.2,0,0,0,1622884691.577
-117,0,0,0,1622886491.316
-117.6,0,0,0,1622888291.091
-117.2,0,0,0,1622890090.89
-117,0,0,0,1622891890.657
-117.2,0,0,0,1622893690.446
-117.2,0,0,0,1622895490.213
-117.8,0,0,0,1622897290.006
-117.4,0,0,0,1622899089.768
-117.6,0,0,0,1622900889.561
-118.8,0,0,0,1622902689.348
-119,0,0,0,1622904489.113
-122.2,0,0,0,1622906288.905
-130.2,0,0,0,1622908088.686
0,0,0,0,1622909888.452
-133.8,0,0,0,1622911688.202
-137.4,0,0,0,1622913487.994
0,0,0,0,1622915287.712
-138.6,0,0,0,1622917087.495
-137.2,0,0,0,1622918887.263
-134.8,0,0,0,1622920687.049
-135,0,0,0,1622922486.875
-134,0,0,0,1622924286.6
-129.6,0,0,0,1622926086.387
-128.8,0,0,0,1622927886.185
-127.2,0,0,0,1622929685.972
-127,0,0,0,1622931485.762
-126.4,0,0,0,1622933285.524
-126.2,0,0,0,1622935085.329
-126,0,0,0,1622936885.111
-125.4,0,0,0,1622938684.883
-124.8,0,0,0,1622940484.668
-125,0,0,0,1622942284.44
-124.4,0,0,0,1622944084.242
-124.2,0,0,0,1622945883.992
-123.8,0,0,0,1622947683.815
-124.4,0,0,0,1622949483.566
-124,0,0,0,1622951283.365
-124.2,0,0,0,1622953083.135
-123.6,0,0,0,1622954882.953
-124,0,0,0,1622956682.7
-123.6,0,0,0,1622958482.5
-124.2,0,0,0,1622960282.259
-124.8,0,0,0,1622962082.042
-125.4,0,0,0,1622963881.828
-125.2,0,0,0,1622965681.602
-125.2,0,0,0,1622967481.383
-125.4,0,0,0,1622969281.169
-125,0,0,0,1622971080.96
-123.8,0,0,0,1622972880.727
-124.2,0,0,0,1622974680.517
-123.8,0,0,0,1622976480.294
-124.8,0,0,0,1622978280.079
-123.6,0,0,0,1622980079.857
-123.6,0,0,0,1622981879.648
-122.4,0,0,0,1622983679.424
-122,0,0,0,1622985479.206
-121.2,0,0,0,1622987278.991
-120.8,0,0,0,1622989078.771
-119.8,0,0,0,1622990878.552
-119.6,0,0,0,1622992678.313
-120.2,0,0,0,1622994478.107
-120.8,0,0,0,1622996277.882
-121.6,0,0,0,1622998077.68
-121.6,0,0,0,1622999877.455
-121.4,0,0,0,1623001677.233
-121,0,0,0,1623005276.807
-120.8,0,0,0,1623007076.574
-120.8,0,0,0,1623008876.362
-120.8,0,0,0,1623010676.136
-120.6,0,0,0,1623012475.929
-120.6,0,0,0,1623014275.701
-120.6,0,0,0,1623016075.488
-120,0,0,0,1623017875.281
-120.8,0,0,0,1623019675.053
-120.2,0,0,0,1623021474.836
-120,0,0,0,1623023274.639
-120,0,0,0,1623025074.401
-119.8,0,0,0,1623026874.295
-120,0,0,0,1623028674.002
-119.8,0,0,0,1623030473.747
-119.6,0,0,0,1623032273.53
-119.6,0,0,0,1623034073.335
-119.4,0,0,0,1623035873.106
-119.6,0,0,0,1623037672.874
-119.6,0,0,0,1623039472.666
-120,0,0,0,1623041272.464
-120,0,0,0,1623043072.21
-119.8,0,0,0,1623044871.996
-119.6,0,0,0,1623046671.774
-119.8,0,0,0,1623048471.558
-120.2,0,0,0,1623050271.34
-120.8,0,0,0,1623052071.118
-121,0,0,0,1623053870.967
-120,0,0,0,1623055670.692
-120.4,0,0,0,1623057470.47
-120.8,0,0,0,1623059270.256
-120.6,0,0,0,1623061070.049
-121,0,0,0,1623062869.809
-121.2,0,0,0,1623064669.597
-121,0,0,0,1623066469.37
-120.2,0,0,0,1623068269.154
-119.6,0,0,0,1623070068.933
-119.4,0,0,0,1623071868.712
-120.4,0,0,0,1623073668.498
-120,0,0,0,1623075468.407
-120.4,0,0,0,1623077268.072
-119.6,0,0,0,1623079067.838
-120.2,0,0,0,1623080867.62
-120,0,0,0,1623082667.402
-120,0,0,0,1623084467.18
-120,0,0,0,1623086266.954
-119.4,0,0,0,1623088066.749
-119.2,0,0,0,1623089866.541
-119.8,0,0,0,1623091666.302
-119.2,0,0,0,1623093466.089
-120,0,0,0,1623095265.875
-120,0,0,0,1623097065.643
-121,0,0,0,1623098865.444
-120.2,0,0,0,1623100665.241
-120.2,0,0,0,1623102465.014
-120.2,0,0,0,1623104264.824
-120.6,0,0,0,1623106064.573
-119.8,0,0,0,1623107864.384
-119.8,0,0,0,1623109664.146
-119.4,0,0,0,1623113263.705
-119.2,0,0,0,1623115063.47
-119,0,0,0,1623116863.258
-119.2,0,0,0,1623118663.058
-119.4,0,0,0,1623120462.819
-119.4,0,0,0,1623122262.635
-119.4,0,0,0,1623124062.399
-119.2,0,0,0,1623125862.212
-120,0,0,0,1623127661.964
-120,0,0,0,1623129461.755
-120.2,0,0,0,1623131261.547
-121,0,0,0,1623133061.292
-121,0,0,0,1623134861.065
-119.6,0,0,0,1623136660.863
-119.2,0,0,0,1623138460.632
-121,0,0,0,1623140260.421
-120,0,0,0,1623142060.191
-120.2,0,0,0,1623143859.988
-120.2,0,0,0,1623145659.766
-119.2,0,0,0,1623147459.54
-119.4,0,0,0,1623149259.321
-120.6,0,0,0,1623151059.092
-120.2,0,0,0,1623152858.878
-120,0,0,0,1623154658.671
-121,0,0,0,1623156458.444
-120.4,0,0,0,1623158258.228
-119,0,0,0,1623160057.989
-123.4,0,0,0,1623161857.816
-123.8,0,0,0,1623163657.564
-124.4,0,0,0,1623165457.352
-124.6,0,0,0,1623167257.142
-124.8,0,0,0,1623169056.904
-125,0,0,0,1623170856.687
-125.6,0,0,0,1623172656.476
-125.4,0,0,0,1623174456.286
-125.8,0,0,0,1623176256.048
-126,0,0,0,1623178055.825
-126.2,0,0,0,1623179855.605
-126.6,0,0,0,1623181655.378
-126.6,0,0,0,1623183455.15
-126.4,0,0,0,1623185254.945
-127.2,0,0,0,1623187054.719
-127.2,0,0,0,1623188854.5
-126.8,0,0,0,1623190654.348
-127,0,0,0,1623192454.069
-127.2,0,0,0,1623194253.846
-127.4,0,0,0,1623196053.631
-126.8,0,0,0,1623197853.427
-127.2,0,0,0,1623199653.194
-127.4,0,0,0,1623201452.966
-128,0,0,0,1623203252.757
-127,0,0,0,1623205052.523
-127,0,0,0,1623206852.323
-127.2,0,0,0,1623208652.095
-127.8,0,0,0,1623210451.913
-127.8,0,0,0,1623212251.646
-127.8,0,0,0,1623214051.446
-127.6,0,0,0,1623215851.234
-127.4,0,0,0,1623217651.004
-126.6,0,0,0,1623221250.573
-126.6,0,0,0,1623223050.349
-127.4,0,0,0,1623224850.125
-126.6,0,0,0,1623226649.903
-127.6,0,0,0,1623228449.687
-128,0,0,0,1623230249.483
-127.4,0,0,0,1623232049.471
-127.8,0,0,0,1623233849.07
-128.6,0,0,0,1623235648.84
-128.2,0,0,0,1623237448.625
-127.8,0,0,0,1623239248.38
-127.8,0,0,0,1623241048.197
-127.8,0,0,0,1623242847.925
-127.4,0,0,0,1623244647.723
-127.2,0,0,0,1623246447.494
-127.2,0,0,0,1623248247.295
-127,0,0,0,1623250047.054
-126.4,0,0,0,1623251846.838
-126.8,0,0,0,1623253646.636
-126.4,0,0,0,1623255446.401
-127.2,0,0,0,1623257246.174
-126.4,0,0,0,1623259045.957
-127,0,0,0,1623260845.729
-127,0,0,0,1623262645.514
-127.6,0,0,0,1623264445.295
-128,0,0,0,1623266245.089
-127.8,0,0,0,1623268044.858
-127.4,0,0,0,1623269844.645
-128.2,0,0,0,1623271644.41
-128,0,0,0,1623273444.201
-128,0,0,0,1623275243.979
-128.4,0,0,0,1623277043.753
-128.6,0,0,0,1623278843.549
-128.6,0,0,0,1623280643.328
-128.4,0,0,0,1623282443.126
-128.4,0,0,0,1623284242.889
-128.2,0,0,0,1623286042.663
-128.2,0,0,0,1623287842.454
-128.6,0,0,0,1623289642.226
-128.4,0,0,0,1623291442.004
-128.2,0,0,0,1623293241.801
-128.8,0,0,0,1623295041.571
-128.4,0,0,0,1623296841.383
-128,0,0,0,1623298641.127
-128.2,0,0,0,1623300440.926
-127.8,0,0,0,1623302240.692
-127.6,0,0,0,1623304040.48
-128,0,0,0,1623307640.047
-127.2,0,0,0,1623309439.835
-127.6,0,0,0,1623311239.609
-128,0,0,0,1623313039.388
-127.2,0,0,0,1623314839.163
-127.2,0,0,0,1623316638.942
-126.6,0,0,0,1623318438.731
-127.6,0,0,0,1623320238.531
-127.2,0,0,0,1623322038.291
-126.8,0,0,0,1623323838.074
-126.6,0,0,0,1623325637.848
-126,0,0,0,1623327437.644
-127.4,0,0,0,1623331037.203
-126.2,0,0,0,1623332836.98
-125.2,0,0,0,1623408427.833
-125,0,0,0,1623410227.58
-125,0,0,0,1623412027.357
-124.2,0,0,0,1623413827.178
-124.8,0,0,0,1623415626.925
-124,0,0,0,1623417426.688
-123.8,0,0,0,1623419226.473
-124.2,0,0,0,1623421026.254
-124,0,0,0,1623422826.03
-124.2,0,0,0,1623424625.816
-124.2,0,0,0,1623426425.592
-124.2,0,0,0,1623428225.376
-124.6,0,0,0,1623430025.172
-124.2,0,0,0,1623431824.945
-124.2,0,0,0,1623433624.744
-125,0,0,0,1623435424.505
-125.2,0,0,0,1623437224.309
-126.4,0,0,0,1623440823.872
-127,0,0,0,1623442623.623
-126.8,0,0,0,1623444423.41
-127,0,0,0,1623446223.186
-126.4,0,0,0,1623448022.96
-126.8,0,0,0,1623449822.762
-127,0,0,0,1623451622.541
-127,0,0,0,1623453422.306
-127.4,0,0,0,1623455222.09
-127.6,0,0,0,1623457021.884
-127.2,0,0,0,1623458821.684
-127.6,0,0,0,1623460621.429
-127.6,0,0,0,1623462421.222
-128,0,0,0,1623464221.003
-129,0,0,0,1623466020.792
-128.4,0,0,0,1623467820.559
-128.2,0,0,0,1623469620.355
-128.2,0,0,0,1623471420.156
-127,0,0,0,1623473219.929
-125.4,0,0,0,1623475019.721
-125,0,0,0,1623476819.474
-123.8,0,0,0,1623478619.272
-123.4,0,0,0,1623480419.075
-122.8,0,0,0,1623482218.802
-122.6,0,0,0,1623484018.626
-122.4,0,0,0,1623485818.382
-121.8,0,0,0,1623487618.168
-122.2,0,0,0,1623489417.937
-122,0,0,0,1623491217.748
-122.6,0,0,0,1623493017.513
-122.4,0,0,0,1623494817.305
-122.4,0,0,0,1623496617.058
-122.4,0,0,0,1623498416.852
-122.2,0,0,0,1623500216.643
-121.8,0,0,0,1623502016.426
-122,0,0,0,1623503816.188
-121.6,0,0,0,1623505615.956
-121.4,0,0,0,1623507415.739
-121.2,0,0,0,1623509215.543
-121.2,0,0,0,1623511015.307
-120.8,0,0,0,1623512815.078
-121.4,0,0,0,1623514614.875
-121.6,0,0,0,1623516414.64
-122.2,0,0,0,1623518214.433
-122.6,0,0,0,1623520014.205
-124,0,0,0,1623521814.005
-124,0,0,0,1623523613.768
-124.4,0,0,0,1623525413.548
-124.8,0,0,0,1623527213.326
-125,0,0,0,1623529013.105
-125,0,0,0,1623530812.884
-125.2,0,0,0,1623532612.673
-125.2,0,0,0,1623534412.45
-125.6,0,0,0,1623536212.418
-125.2,0,0,0,1623538012.026
-125,0,0,0,1623539811.816
-125,0,0,0,1623541611.608
-125.8,0,0,0,1623543411.385
-125.2,0,0,0,1623545211.163
-125.2,0,0,0,1623547010.925
-125,0,0,0,1623548810.719
-125,0,0,0,1623550610.497
-124.8,0,0,0,1623552410.275
-125,0,0,0,1623554210.06
-125,0,0,0,1623556009.842
-125,0,0,0,1623557809.635
-124.8,0,0,0,1623559609.417
-123.8,0,0,0,1623561409.196
-122.6,0,0,0,1623563208.965
-121.4,0,0,0,1623565008.743
-121,0,0,0,1623566808.544
-121,0,0,0,1623568608.295
-119.8,0,0,0,1623570408.11
-120,0,0,0,1623572207.875
-120.4,0,0,0,1623574007.659
-119.8,0,0,0,1623575807.438
-120,0,0,0,1623577607.215
-119.6,0,0,0,1623579407
-120.6,0,0,0,1623581206.796
-120.2,0,0,0,1623583006.567
-121,0,0,0,1623584806.342
-120.2,0,0,0,1623586606.128
-120,0,0,0,1623588405.902
-120.4,0,0,0,1623590205.7
-120,0,0,0,1623592005.453
-120,0,0,0,1623593805.247
-119.2,0,0,0,1623595605.031
-119.4,0,0,0,1623597404.791
-119.2,0,0,0,1623599204.586
-119.6,0,0,0,1623601004.364
-119.6,0,0,0,1623602804.161
-121,0,0,0,1623604603.924
-121,0,0,0,1623606403.712
-120.8,0,0,0,1623608203.491
-121.2,0,0,0,1623610003.275
-122.4,0,0,0,1623611803.047
-97.8,0,0,0,1623613602.789
-122.4,0,0,0,1623615402.564
-122,0,0,0,1623617202.352
-122.6,0,0,0,1623619002.138
-122.6,0,0,0,1623620801.924
-122.2,0,0,0,1623622601.771
-122.6,0,0,0,1623624401.481
-122.2,0,0,0,1623626201.285
-122.4,0,0,0,1623628001.054
-122.6,0,0,0,1623629800.83
-122.6,0,0,0,1623631600.668
-122.6,0,0,0,1623633400.402
-122.6,0,0,0,1623635200.207
-124,0,0,0,1623636999.968
-123.6,0,0,0,1623640599.525
-124.2,0,0,0,1623642399.304
-123.4,0,0,0,1623644199.114
-123.2,0,0,0,1623645998.88
-121.6,0,0,0,1623647798.646
-121,0,0,0,1623649598.46
-121,0,0,0,1623651398.222
-120.6,0,0,0,1623653198.011
-119.8,0,0,0,1623654997.788
-120.2,0,0,0,1623656797.56
-119.8,0,0,0,1623658597.346
-120.6,0,0,0,1623660397.146
-119.8,0,0,0,1623678394.95
-119,0,0,0,1623680194.722
-119.8,0,0,0,1623681994.516
-119.2,0,0,0,1623687393.855
-119.2,0,0,0,1623689193.641
-119.4,0,0,0,1623690993.416
-119.4,0,0,0,1623692793.205
-120.8,0,0,0,1623694592.987
-120.8,0,0,0,1623698192.56
-121.2,0,0,0,1623699992.331
-121.2,0,0,0,1623703591.898
-121,0,0,0,1623705391.686
-121.2,0,0,0,1623707191.466
-120.6,0,0,0,1623710791.061
-121,0,0,0,1623712590.803
-120.8,0,0,0,1623714390.594
-121.2,0,0,0,1623716190.374
-121.4,0,0,0,1623717990.163
-121.8,0,0,0,1623719789.954
-121.8,0,0,0,1623721589.728
-121.8,0,0,0,1623723389.513
-122.4,0,0,0,1623725189.296
-122,0,0,0,1623726989.06
-122.2,0,0,0,1623728788.85
-121.8,0,0,0,1623730588.625
-121,0,0,0,1623732388.456
