Data;Nodo;Etichetta;Fruit.1[mV];Fruit.2[mV];Fruit.3[mV];Fruit.4[mV];Fruit.5[mV];Fruit.6[mV];Hum_10cm[%];Hum_20cm[%];Hum_30cm[%];Temp_10cm[°C];Temp_20cm[°C];Temp_30cm[°C];Hum_Prof[mm];Sal_10cm[VIC];Sal_20cm[VIC];Sal_30cm[VIC];HumB_10cm[%];HumB_20cm[%];HumB_30cm[%];TempB_10cm[°C];TempB_20cm[°C];TempB_30cm[°C];HumB_Prof[mm];SalB_10cm[VIC];SalB_20cm[VIC];SalB_30cm[VIC];Batteria[mV]
29/03/2021 09:48;7;Nodo7;117588;117250;100450;96775;93013;88863;1116;3797;3867;980;1060;1090;8780;132300;162100;152700;2050;3840;4090;1030;1090;1160;9976;131600;162100;152700;7201
29/03/2021 10:04;7;Nodo7;102600;101813;86725;83013;80850;76788;1114;3793;3864;1020;1050;1090;8771;132600;162100;152700;2050;3840;4090;1070;1080;1150;9977;132800;162100;152700;7201
29/03/2021 10:20;7;Nodo7;101538;100550;85663;81825;79725;75625;1117;3793;3860;1050;1050;1100;8770;131900;162200;152700;2050;3840;4090;1130;1090;1140;9977;132300;162200;152700;7201
29/03/2021 10:36;7;Nodo7;95363;93638;79413;74813;73250;68613;1115;3793;3862;1100;1050;1090;8770;133000;162200;152800;2050;3840;4090;1170;1090;1150;9976;133100;162200;152800;7194
29/03/2021 10:52;7;Nodo7;93525;91563;77763;72863;71425;66650;1112;3793;3863;1150;1060;1090;8768;133500;162200;152700;2050;3840;4080;1220;1080;1150;9974;133600;162400;152700;7201
29/03/2021 11:08;7;Nodo7;90150;87750;74213;68988;67975;63000;1116;3789;3861;1200;1060;1080;8766;133700;162200;152700;2050;3840;4080;1270;1090;1150;9972;133700;162200;152700;7207
29/03/2021 11:24;7;Nodo7;85175;82188;69288;63525;62913;57588;1117;3791;3860;1250;1070;1080;8768;133900;162300;152600;2050;3840;4080;1340;1090;1140;9972;133500;162300;152700;7207
29/03/2021 11:40;7;Nodo7;80225;76588;64175;58025;57875;52363;1121;3792;3860;1300;1070;1080;8773;134100;162200;152700;2050;3840;4080;1380;1110;1130;9973;133300;162100;152800;7201
29/03/2021 11:56;7;Nodo7;83538;80113;67338;61538;61300;56050;1124;3793;3862;1350;1080;1070;8779;134000;162400;152700;2050;3840;4080;1430;1110;1130;9974;134500;162400;152800;7194
29/03/2021 12:12;7;Nodo7;79500;75725;63475;57313;57425;51950;1125;3791;3860;1400;1090;1060;8776;134800;162500;152600;2050;3840;4080;1480;1130;1130;9974;134800;162600;152600;7201
29/03/2021 12:28;7;Nodo7;76763;72613;60675;54338;54788;49225;1123;3794;3856;1460;1090;1080;8773;135200;162600;152600;2050;3840;4080;1550;1130;1120;9972;134700;162900;152600;7194
29/03/2021 12:44;7;Nodo7;76963;72825;60963;54650;55175;49638;1125;3791;3856;1540;1110;1080;8772;135000;162700;152700;2050;3840;4080;1640;1150;1140;9973;135300;162700;152600;7207
29/03/2021 13:00;7;Nodo7;69863;65013;54175;47500;48600;42913;1124;3795;3856;1610;1110;1070;8775;135700;162800;152600;2050;3840;4080;1720;1180;1130;9972;135800;162800;152700;7201
29/03/2021 13:16;7;Nodo7;68563;63575;52838;46163;47363;41700;1126;3794;3857;1680;1130;1080;8777;135600;162900;152600;2060;3840;4080;1790;1170;1130;9980;135600;162900;152600;7207
29/03/2021 13:32;7;Nodo7;74750;70338;58788;52463;53525;48063;1123;3793;3860;1740;1150;1070;8776;136700;162900;152600;2060;3840;4080;1860;1200;1130;9981;135700;162900;152600;7207
29/03/2021 13:48;7;Nodo7;75500;71288;59775;53475;54550;49100;1129;3793;3856;1790;1170;1070;8778;136200;163100;152600;2060;3840;4080;1920;1210;1130;9977;136400;163100;152600;7207
29/03/2021 14:04;7;Nodo7;80663;77125;65050;59113;59875;54625;1125;3797;3858;1840;1190;1080;8780;136800;163300;152700;2070;3850;4080;1980;1230;1150;9996;136500;163200;152700;7207
29/03/2021 14:20;7;Nodo7;76213;72300;60575;54325;55488;50050;1105;3798;3860;1880;1200;1080;8763;139900;163400;152700;2070;3850;4080;2030;1260;1150;9997;139700;163300;152600;7201
29/03/2021 14:36;7;Nodo7;76975;73050;60975;54688;55675;50263;1114;3803;3856;1920;1220;1080;8773;138500;163600;152700;2070;3840;4080;2070;1290;1150;9988;139100;163600;152700;7207
29/03/2021 15:08;7;Nodo7;99625;93725;76688;69225;70825;64825;1115;3804;3856;1880;1240;1090;8775;138800;163700;152700;2070;3850;4080;2060;1320;1150;9998;138900;163800;152700;7207
29/03/2021 15:24;7;Nodo7;84588;81900;69100;63463;64100;59113;1112;3809;3856;1880;1280;1080;8777;138700;164100;152700;2070;3850;4080;2050;1360;1170;9999;139000;164100;152700;7194
29/03/2021 15:40;7;Nodo7;83550;80813;68075;62375;63163;58125;1109;3810;3860;1900;1290;1090;8779;139700;164300;152700;2080;3850;4080;2090;1390;1170;10006;139500;164300;152700;7207
29/03/2021 15:56;7;Nodo7;79538;76300;63900;57900;59000;53813;1104;3813;3862;1930;1310;1100;8779;140400;164600;152800;2080;3850;4080;2110;1390;1180;10008;140100;164600;152800;7207
29/03/2021 16:12;7;Nodo7;82075;79225;66725;60900;61813;56763;1102;3817;3862;1960;1330;1110;8781;140100;164800;152800;2080;3850;4080;2150;1410;1190;10005;140300;164800;153000;7201
29/03/2021 16:28;7;Nodo7;76175;72638;60613;54338;55650;50375;1103;3818;3862;1980;1330;1120;8783;140700;165000;152900;2070;3850;4080;2170;1430;1180;9997;140700;165000;153100;7207
29/03/2021 16:44;7;Nodo7;82563;79813;67088;61263;62100;57088;1101;3824;3864;1960;1350;1110;8789;140700;165300;152900;2080;3850;4080;2170;1440;1210;10006;140100;165300;152900;7207
29/03/2021 17:00;7;Nodo7;85875;83663;70663;65075;65600;60738;1098;3822;3861;1970;1370;1130;8781;141300;165400;152900;2070;3860;4080;2180;1460;1210;10007;141600;165500;153100;7201
29/03/2021 17:16;7;Nodo7;88338;86300;72900;67550;67813;63088;1099;3826;3864;1980;1380;1140;8789;141100;165600;152900;2070;3850;4080;2190;1460;1220;9996;141500;165700;153000;7207
29/03/2021 17:32;7;Nodo7;90800;89013;75188;70088;70088;65550;1098;3830;3868;1970;1390;1130;8796;140800;165900;153000;2070;3860;4080;2180;1490;1230;10005;140900;165900;153000;7207
30/03/2021 09:48;7;Nodo7;116338;114113;95138;89663;88700;83438;1048;3782;3878;1060;1130;1140;8708;136100;162900;153200;1990;3830;4090;1130;1160;1230;9905;136000;162900;153200;7201
30/03/2021 10:04;7;Nodo7;97025;95625;81163;76575;74675;70238;1052;3782;3874;1110;1130;1150;8708;136200;162900;153200;1990;3840;4090;1170;1150;1210;9917;136000;162900;153200;7201
30/03/2021 10:20;7;Nodo7;93150;91288;77325;72238;70675;65938;1063;3784;3871;1150;1130;1150;8718;134900;162900;153200;1990;3830;4090;1210;1150;1210;9909;135100;162900;153200;7201
30/03/2021 10:36;7;Nodo7;86600;83925;70688;64888;63975;58813;1059;3782;3873;1200;1130;1150;8714;135600;162900;153200;1990;3830;4090;1260;1160;1210;9905;135700;163100;153200;7201
30/03/2021 10:52;7;Nodo7;81925;78625;66175;59863;59288;53900;1061;3779;3871;1240;1130;1140;8711;135700;162900;153100;1990;3830;4080;1320;1160;1210;9903;136500;163100;153200;7201
30/03/2021 11:08;7;Nodo7;77138;73213;61188;54575;54525;49000;1063;3780;3872;1290;1130;1140;8715;136800;162900;153200;1990;3830;4080;1370;1170;1210;9902;136400;163000;153200;7207
30/03/2021 11:24;7;Nodo7;72863;68500;56950;50200;50513;44875;1065;3780;3874;1340;1130;1130;8719;136500;163100;153200;1990;3830;4080;1430;1170;1200;9903;136300;163100;153100;7207
30/03/2021 11:40;7;Nodo7;69525;64825;53875;46888;47475;41825;1065;3779;3874;1390;1150;1120;8718;136900;163000;153100;1990;3830;4080;1480;1180;1190;9904;136200;163100;153200;7201
30/03/2021 11:56;7;Nodo7;67925;63088;52413;45375;46163;40500;1068;3778;3869;1460;1150;1140;8715;136600;163200;153100;2000;3830;4080;1530;1210;1190;9912;136900;163200;153300;7207
30/03/2021 12:12;7;Nodo7;68775;63950;52988;46100;46988;41413;1065;3778;3871;1490;1160;1130;8714;137300;163200;153100;2000;3830;4080;1580;1190;1190;9911;136700;163200;153100;7207
30/03/2021 12:28;7;Nodo7;70500;65900;55125;48125;49000;43363;1077;3778;3872;1580;1170;1130;8727;137000;163300;153100;2000;3830;4080;1660;1210;1190;9911;137500;163300;153200;7201
30/03/2021 12:44;7;Nodo7;70113;65438;54550;47600;48563;43025;1100;3780;3870;1650;1180;1130;8750;141400;163100;153000;2000;3830;4080;1750;1240;1190;9909;141000;163000;153000;7201
30/03/2021 13:00;7;Nodo7;68063;63238;52638;45688;46863;41313;1063;3780;3870;1710;1190;1130;8713;139200;163500;153100;2000;3830;4080;1820;1240;1180;9910;139800;163700;153100;7194
30/03/2021 13:16;7;Nodo7;75900;71775;60213;53688;54488;49150;1062;3779;3871;1780;1210;1130;8712;140100;163700;153100;2000;3830;4080;1900;1270;1200;9909;140000;163800;153100;7194
30/03/2021 13:32;7;Nodo7;75613;71588;59950;53450;54338;49000;1063;3782;3871;1840;1230;1120;8716;140000;163700;153100;2000;3830;4080;1960;1280;1210;9908;140000;163900;153100;7201
30/03/2021 13:48;7;Nodo7;74113;70025;58688;52113;53163;47775;1061;3781;3873;1900;1250;1140;8715;140600;163900;153100;2010;3830;4080;2020;1300;1200;9917;140700;164000;153100;7207
30/03/2021 14:04;7;Nodo7;76313;72463;60750;54313;55313;50013;1048;3785;3870;1960;1260;1120;8703;142800;164000;153100;2010;3830;4080;2070;1330;1200;9917;142900;164000;153100;7194
30/03/2021 14:20;7;Nodo7;78413;74763;62575;56313;57100;51913;1036;3788;3870;2000;1280;1130;8694;145400;164100;153000;2010;3830;4080;2140;1350;1210;9920;145400;164100;153100;7201
30/03/2021 14:36;7;Nodo7;82963;79775;67013;61013;61500;56513;1040;3791;3870;2020;1300;1140;8701;145500;164200;153100;2010;3830;4080;2170;1360;1210;9920;145300;164300;153100;7207
30/03/2021 15:08;7;Nodo7;104213;99025;81513;74275;75650;69875;1051;3793;3867;2000;1320;1160;8711;145600;164300;153200;2020;3830;4080;2150;1410;1220;9925;145600;164300;153100;7201
30/03/2021 15:24;7;Nodo7;78413;75200;62838;56613;57575;52375;1048;3797;3871;1980;1360;1160;8716;144300;165000;153200;2010;3840;4080;2150;1450;1220;9930;144300;165000;153200;7201
30/03/2021 15:40;7;Nodo7;82363;79638;66913;60975;61625;56663;1051;3797;3872;2010;1370;1170;8720;144300;165200;153200;2010;3840;4080;2190;1460;1230;9927;144800;165000;153200;7207
30/03/2021 15:56;7;Nodo7;83825;81300;68413;62588;63125;58225;1042;3799;3871;2040;1390;1170;8712;146700;165300;153200;2020;3840;4080;2220;1470;1240;9937;146800;165400;153200;7194
30/03/2021 16:12;7;Nodo7;85450;83138;70025;64363;64800;59975;1039;3805;3870;2060;1400;1170;8714;147700;165400;153200;2010;3840;4080;2250;1490;1250;9926;147100;165700;153200;7207
30/03/2021 16:28;7;Nodo7;81913;79325;66788;60813;61638;56588;1033;3808;3874;2090;1420;1170;8715;147200;165800;153300;2010;3840;4080;2270;1510;1260;9926;146900;165900;153300;7201
30/03/2021 16:44;7;Nodo7;83425;80950;68113;62250;62925;57988;1022;3811;3876;2070;1430;1190;8709;148100;166100;153300;2010;3840;4080;2270;1530;1270;9927;147600;166100;153300;7194
30/03/2021 17:00;7;Nodo7;82463;80000;67150;61200;62000;57025;1020;3815;3876;2070;1450;1190;8711;147700;166400;153300;2010;3840;4080;2270;1540;1260;9928;147200;166400;153300;7201
30/03/2021 17:16;7;Nodo7;86625;84613;71288;65688;66050;61275;1039;3818;3879;2070;1450;1190;8736;148300;166400;153400;2010;3850;4080;2270;1550;1280;9936;148100;166400;153300;7207
30/03/2021 17:32;7;Nodo7;87963;86125;72550;67075;67313;62600;1034;3817;3878;2060;1470;1200;8729;148000;166600;153500;2010;3850;4080;2270;1570;1290;9939;148100;166700;153600;7207
30/03/2021 17:48;7;Nodo7;90538;88963;75063;69850;69825;65300;1030;3822;3875;2040;1490;1200;8727;148400;166900;153500;2010;3850;4080;2250;1590;1300;9936;147600;166700;153500;7201
31/03/2021 09:48;7;Nodo7;112250;109163;90638;84463;83813;78250;1017;3762;3884;1090;1190;1200;8663;135800;163600;153400;1930;3830;4090;1160;1190;1270;9852;135700;163500;153500;7201
31/03/2021 10:04;7;Nodo7;90125;88000;74125;68663;67375;62488;1006;3762;3884;1140;1180;1190;8652;137200;163600;153400;1940;3830;4090;1200;1200;1260;9861;136800;163600;153600;7201
31/03/2021 10:20;7;Nodo7;86400;83788;70338;64388;63338;58213;1008;3760;3879;1190;1190;1190;8647;137000;163600;153400;1930;3830;4090;1260;1210;1270;9850;137400;163600;153400;7207
31/03/2021 10:36;7;Nodo7;84038;81100;68050;61925;61213;56038;1007;3763;3878;1240;1180;1190;8648;137300;163600;153400;1940;3830;4090;1300;1210;1260;9858;137800;163700;153400;7207
31/03/2021 10:52;7;Nodo7;80213;76900;64275;57825;57500;52163;1006;3762;3876;1300;1180;1190;8644;138800;163700;153400;1940;3830;4090;1360;1210;1250;9858;138500;163700;153300;7201
31/03/2021 11:08;7;Nodo7;77738;74038;61775;55150;55088;49675;1008;3758;3876;1340;1190;1180;8642;140500;163600;153400;1940;3820;4090;1420;1220;1260;9849;140600;163700;153400;7201
31/03/2021 11:24;7;Nodo7;75538;71600;59625;52813;52925;47450;994;3758;3877;1390;1190;1190;8629;140600;163800;153300;1940;3820;4090;1480;1230;1240;9847;140000;163800;153500;7207
31/03/2021 11:40;7;Nodo7;72175;67950;56588;49600;50013;44463;999;3759;3876;1440;1190;1180;8634;140400;164100;153400;1940;3820;4090;1520;1240;1240;9848;140700;164200;153400;7207
31/03/2021 11:56;7;Nodo7;70300;65863;54650;47688;48388;42863;997;3760;3876;1510;1200;1180;8633;140700;163900;153300;1940;3820;4090;1580;1240;1250;9847;141300;164000;153300;7207
31/03/2021 12:12;7;Nodo7;71588;67275;56063;49038;49750;44238;1007;3757;3873;1560;1210;1180;8637;141900;163900;153200;1940;3820;4080;1640;1260;1240;9844;141700;164000;153300;7194
31/03/2021 12:28;7;Nodo7;66088;61400;50963;43800;44913;39363;1002;3754;3874;1640;1220;1170;8630;143000;164000;153200;1940;3830;4090;1720;1270;1240;9855;143300;163900;153200;7194
31/03/2021 12:44;7;Nodo7;66438;61675;51250;44125;45325;39850;998;3758;3874;1720;1240;1170;8630;144500;164000;153200;1940;3820;4080;1800;1280;1250;9843;144400;164100;153200;7207
31/03/2021 13:00;7;Nodo7;67163;62450;51788;44738;46075;40638;1004;3756;3873;1780;1250;1170;8633;143800;164100;153200;1940;3820;4080;1890;1310;1250;9844;143600;164100;153400;7207
31/03/2021 13:16;7;Nodo7;72625;68425;56888;50188;51213;45950;1009;3757;3873;1860;1270;1180;8639;148500;163900;153200;1940;3820;4080;1970;1330;1240;9842;148100;164100;153200;7201
31/03/2021 13:32;7;Nodo7;70063;65750;54925;48025;49363;44013;978;3758;3874;1930;1280;1180;8610;146400;164500;153200;1950;3820;4080;2030;1350;1250;9853;147400;164600;153300;7201
31/03/2021 13:48;7;Nodo7;70263;65988;54925;48125;49463;44188;977;3760;3876;1980;1300;1180;8613;147500;164600;153300;1950;3820;4080;2090;1370;1240;9851;147700;164700;153200;7207
31/03/2021 14:04;7;Nodo7;73988;70175;58738;52125;53425;48200;979;3760;3874;2040;1310;1180;8613;148400;164800;153200;1950;3820;4080;2160;1390;1260;9853;148000;164800;153300;7207
31/03/2021 14:20;7;Nodo7;74850;71200;59525;52975;54250;49088;994;3763;3869;2090;1340;1190;8626;150200;164700;153200;1950;3830;4080;2230;1410;1260;9860;149100;164800;153200;7207
31/03/2021 14:36;7;Nodo7;76850;73288;61038;54525;55688;50563;983;3766;3872;2130;1360;1190;8621;150000;165000;153200;1950;3830;4080;2250;1430;1260;9861;149700;165000;153200;7207
31/03/2021 17:00;7;Nodo7;92550;87338;71413;63600;65588;59725;978;3790;3878;2130;1480;1230;8646;151300;166900;153500;1950;3840;4080;2350;1600;1320;9867;151800;167000;153500;7194
31/03/2021 17:16;7;Nodo7;79150;76713;64163;57813;58925;54050;977;3797;3879;2150;1510;1250;8653;151500;167300;153500;1950;3840;4080;2370;1620;1330;9868;152000;167300;153500;7207
31/03/2021 17:32;7;Nodo7;81975;79900;66925;60813;61713;56925;990;3792;3881;2150;1530;1250;8663;152500;167300;153600;1950;3840;4080;2360;1640;1340;9868;152000;167400;153500;7207
31/03/2021 17:48;7;Nodo7;85288;83575;70125;64288;64900;60313;950;3797;3882;2130;1540;1250;8629;150600;167800;153700;1940;3840;4080;2330;1630;1340;9860;150900;167600;153700;7207
01/04/2021 09:48;7;Nodo7;117613;115313;95688;90213;89738;84763;941;3739;3885;1200;1250;1250;8565;138400;164000;153700;1880;3820;4090;1240;1260;1320;9787;138300;164000;153700;7201
01/04/2021 10:04;7;Nodo7;97338;96488;81450;76588;74650;70300;926;3737;3884;1240;1240;1250;8547;143000;164000;153800;1880;3830;4090;1300;1260;1320;9795;142900;164000;153700;7207
01/04/2021 10:20;7;Nodo7;94613;93438;79100;73800;71900;67363;929;3737;3884;1280;1240;1260;8550;142000;164000;153800;1880;3820;4090;1340;1260;1320;9787;141700;164000;153800;7207
01/04/2021 10:36;7;Nodo7;91900;90363;76288;70675;69138;64438;927;3734;3882;1320;1250;1240;8543;141400;164000;153700;1880;3820;4080;1390;1260;1300;9784;142300;164000;153700;7207
01/04/2021 10:52;7;Nodo7;85075;82688;69450;63200;62363;57313;929;3733;3879;1370;1250;1250;8541;143800;164000;153700;1880;3820;4080;1440;1270;1300;9784;143300;164000;153700;7207
01/04/2021 11:08;7;Nodo7;83813;81288;68238;61875;61250;56163;931;3730;3881;1420;1250;1230;8542;143300;163900;153600;1880;3820;4080;1500;1270;1300;9784;144000;164000;153700;7201
01/04/2021 11:24;7;Nodo7;79525;76513;64000;57325;57113;51850;933;3731;3880;1470;1250;1230;8544;144600;164100;153700;1880;3820;4080;1560;1290;1300;9782;144700;164100;153800;7207
01/04/2021 11:40;7;Nodo7;79775;76713;64125;57513;57588;52400;935;3732;3881;1540;1250;1240;8548;144500;164100;153700;1880;3820;4080;1600;1300;1300;9780;145200;164100;153700;7207
01/04/2021 11:56;7;Nodo7;78813;75838;63713;56863;56838;51550;933;3729;3879;1590;1280;1230;8541;146000;164200;153600;1880;3820;4080;1660;1310;1310;9780;146200;164200;153700;7207
01/04/2021 12:12;7;Nodo7;70900;66988;55813;48663;49338;43950;937;3730;3878;1640;1280;1220;8545;145400;164200;153600;1880;3820;4080;1710;1330;1300;9779;145600;164200;153600;7194
01/04/2021 12:28;7;Nodo7;69288;65275;54350;47163;48038;42650;938;3728;3880;1720;1300;1230;8546;146300;164300;153600;1880;3820;4080;1790;1340;1300;9779;147400;164400;153600;7207
01/04/2021 12:44;7;Nodo7;68988;64888;54000;46813;47863;42525;940;3729;3877;1790;1300;1230;8546;147600;164400;153600;1880;3820;4080;1870;1350;1300;9777;146900;164600;153500;7207
01/04/2021 13:00;7;Nodo7;70688;66788;55613;48450;49463;44175;939;3728;3877;1870;1320;1230;8544;148000;164500;153500;1880;3820;4080;1960;1370;1300;9778;148100;164500;153700;7194
01/04/2021 13:16;7;Nodo7;68150;64125;53438;46163;47438;42100;946;3726;3877;1940;1330;1220;8549;148800;164600;153500;1880;3820;4080;2030;1390;1300;9777;148300;164500;153600;7207
01/04/2021 13:32;7;Nodo7;67263;63163;52588;45375;46775;41488;980;3726;3876;2000;1340;1220;8582;156400;164200;153500;1890;3820;4080;2070;1420;1300;9787;156300;164200;153500;7207
01/04/2021 13:48;7;Nodo7;62950;58575;48625;41338;43075;37800;945;3730;3876;2050;1360;1220;8551;151000;164900;153600;1890;3820;4080;2130;1420;1300;9786;150800;164900;153500;7207
01/04/2021 14:04;7;Nodo7;62625;58363;48600;41300;43163;37850;939;3731;3877;2110;1370;1230;8547;151800;165000;153600;1890;3820;4080;2190;1460;1300;9788;151500;165200;153600;7207
01/04/2021 14:20;7;Nodo7;63375;59225;49250;41950;43850;38575;946;3732;3877;2130;1390;1240;8555;151300;165300;153600;1890;3820;4080;2230;1470;1310;9785;151500;165300;153600;7201
01/04/2021 14:36;7;Nodo7;66600;62500;51500;44275;45888;40650;984;3733;3874;2140;1410;1250;8591;156900;164700;153500;1890;3820;4070;2250;1500;1320;9784;155700;164800;153400;7207
01/04/2021 14:52;7;Nodo7;79063;76150;63438;56838;57863;52838;960;3735;3876;2100;1440;1250;8571;152500;165400;153600;1890;3820;4070;2230;1510;1320;9784;152300;165400;153600;7207
01/04/2021 15:08;7;Nodo7;79575;77088;64400;57775;58713;53700;975;3738;3874;2080;1450;1250;8587;153300;165500;153600;1900;3830;4080;2210;1530;1320;9806;153900;165500;153600;7207
01/04/2021 15:24;7;Nodo7;72925;69950;58300;51338;52825;47663;968;3737;3876;2080;1470;1250;8581;152800;165800;153600;1900;3820;4070;2220;1540;1320;9794;152900;165700;153700;7207
01/04/2021 15:40;7;Nodo7;74750;71713;59488;52538;53850;48725;970;3743;3878;2090;1480;1250;8591;153700;165900;153600;1900;3830;4070;2250;1570;1340;9801;154200;165900;153700;7207
01/04/2021 15:56;7;Nodo7;68625;65525;54800;47500;49263;43988;927;3745;3875;2090;1490;1270;8547;152700;166500;153700;1900;3830;4080;2250;1590;1340;9806;152800;166500;153800;7207
01/04/2021 16:12;7;Nodo7;52950;48888;40550;33125;35625;30525;923;3745;3879;2130;1510;1270;8547;153300;166800;153700;1900;3830;4070;2280;1590;1340;9801;153000;166800;153800;7207
01/04/2021 16:28;7;Nodo7;55338;51250;42313;34900;37263;32150;922;3747;3880;2160;1530;1280;8549;153900;167000;153800;1900;3830;4070;2330;1620;1360;9803;153300;167000;153900;7201
01/04/2021 16:44;7;Nodo7;61500;57650;47650;40175;42425;37250;927;3749;3881;2170;1540;1290;8557;153600;167200;153800;1900;3830;4070;2350;1630;1360;9804;153700;167200;153900;7207
01/04/2021 17:00;7;Nodo7;64838;61525;51088;43650;45813;40613;915;3752;3881;2170;1540;1290;8548;153700;167500;154000;1900;3830;4070;2350;1640;1380;9801;153400;167500;154000;7201
01/04/2021 17:16;7;Nodo7;60050;56550;46875;39350;41813;36650;915;3753;3882;2190;1570;1300;8550;153600;167600;154000;1900;3840;4070;2380;1650;1380;9813;154100;167600;154000;7207
01/04/2021 17:32;7;Nodo7;63688;60238;49763;42400;44650;39563;910;3753;3884;2190;1570;1300;8547;154900;167800;154000;1890;3830;4070;2390;1680;1390;9794;155300;167600;154100;7207
02/04/2021 09:48;7;Nodo7;112525;110375;91400;85013;84713;79513;847;3686;3887;1280;1340;1330;8420;144100;164700;154300;1830;3820;4080;1340;1350;1390;9730;143400;164700;154300;7201
02/04/2021 10:04;7;Nodo7;93525;92925;78338;72525;70813;66375;844;3683;3886;1330;1340;1320;8413;144500;164800;154300;1830;3820;4080;1400;1350;1380;9730;144800;164900;154400;7207
02/04/2021 10:20;7;Nodo7;91650;90838;76725;70588;68988;64413;844;3681;3891;1370;1330;1310;8416;145200;164800;154300;1830;3820;4080;1440;1360;1380;9729;144500;164800;154400;7207
02/04/2021 10:36;7;Nodo7;87750;86550;72925;66375;65238;60463;841;3679;3890;1420;1340;1320;8410;144800;164900;154400;1830;3820;4080;1480;1370;1380;9727;145100;164800;154400;7207
02/04/2021 10:52;7;Nodo7;84150;82425;69075;62350;61763;56925;841;3679;3887;1470;1330;1310;8407;145400;164800;154300;1830;3810;4080;1540;1370;1380;9715;145200;164800;154300;7207
02/04/2021 11:08;7;Nodo7;87475;86113;72575;66050;65100;60450;844;3678;3886;1520;1340;1310;8408;145100;164900;154300;1830;3820;4070;1580;1370;1380;9724;145600;164800;154400;7207
02/04/2021 11:24;7;Nodo7;84438;82800;69588;62825;62338;57563;842;3677;3887;1560;1340;1310;8406;147000;164800;154300;1830;3820;4080;1640;1380;1370;9725;146500;164900;154400;7194
02/04/2021 11:40;7;Nodo7;86700;85313;71975;65413;64713;60075;843;3673;3885;1620;1350;1310;8401;146400;165200;154300;1830;3820;4070;1680;1390;1370;9723;146900;165000;154400;7194
02/04/2021 11:56;7;Nodo7;81063;79075;66463;59475;59463;54613;839;3675;3884;1680;1360;1310;8398;148000;165200;154300;1830;3820;4070;1740;1390;1370;9724;147700;165200;154400;7207
02/04/2021 12:12;7;Nodo7;78588;76325;63963;56888;57225;52350;838;3675;3886;1720;1360;1300;8399;147500;165200;154300;1840;3820;4080;1780;1410;1360;9735;147500;165200;154300;7207
02/04/2021 12:28;7;Nodo7;77713;75275;63013;55850;56425;51575;848;3672;3883;1810;1380;1300;8403;150100;165200;154300;1840;3820;4070;1860;1420;1360;9734;149700;165200;154300;7207
02/04/2021 12:44;7;Nodo7;79213;76938;64563;57525;58100;53300;843;3673;3885;1880;1390;1300;8401;148700;165400;154300;1840;3820;4070;1950;1420;1370;9731;148600;165400;154300;7207
02/04/2021 13:00;7;Nodo7;76925;74375;62125;55025;55863;51050;840;3671;3885;1960;1400;1300;8396;150000;165400;154300;1840;3820;4070;2010;1450;1370;9733;149500;165400;154400;7207
02/04/2021 13:16;7;Nodo7;74263;71575;59900;52638;53813;48963;841;3669;3888;2020;1420;1300;8398;150400;165500;154300;1840;3820;4070;2070;1470;1370;9732;150300;165500;154300;7207
02/04/2021 13:32;7;Nodo7;74088;71338;59513;52363;53700;48888;838;3669;3883;2080;1430;1310;8390;150900;165600;154300;1840;3820;4070;2110;1470;1370;9729;150600;165600;154300;7201
02/04/2021 13:48;7;Nodo7;75238;72725;60775;53700;55075;50300;834;3674;3879;2130;1440;1310;8387;151200;165600;154300;1850;3820;4070;2150;1500;1370;9737;151200;165800;154400;7207
02/04/2021 14:04;7;Nodo7;72375;69675;58113;50950;52613;47813;833;3673;3883;2180;1450;1320;8389;152500;165800;154300;1850;3820;4070;2190;1520;1380;9737;151900;165800;154300;7207
02/04/2021 14:20;7;Nodo7;75825;73438;61225;54300;55700;51038;832;3672;3883;2210;1480;1310;8387;152100;166000;154300;1850;3830;4070;2250;1530;1380;9748;152700;166000;154300;7207
02/04/2021 15:08;7;Nodo7;96088;92100;75438;67575;70200;64775;829;3679;3884;2140;1530;1310;8392;152000;166600;154400;1850;3830;4070;2230;1590;1400;9748;152400;166600;154400;7201
02/04/2021 15:24;7;Nodo7;77600;75988;63750;56750;58550;53888;828;3677;3881;2150;1550;1320;8386;152200;166800;154400;1850;3830;4070;2270;1620;1400;9746;153000;166800;154500;7194
02/04/2021 15:40;7;Nodo7;69450;67125;55863;48450;50900;46075;826;3685;3883;2180;1560;1330;8394;152900;167000;154500;1850;3830;4070;2290;1640;1410;9745;152800;167000;154500;7207
02/04/2021 15:56;7;Nodo7;74938;73163;61175;54063;56113;51425;821;3685;3885;2210;1570;1340;8391;154400;167000;154400;1850;3830;4060;2330;1660;1420;9743;154300;167200;154500;7207
02/04/2021 16:12;7;Nodo7;78563;77075;64313;57513;59250;54663;820;3687;3887;2230;1580;1330;8394;155000;167200;154500;1850;3830;4060;2350;1670;1420;9744;154200;167200;154500;7207
02/04/2021 16:28;7;Nodo7;83050;82050;68725;62275;63488;59125;816;3690;3885;2250;1600;1340;8391;153600;167500;154500;1850;3830;4070;2390;1680;1440;9745;153700;167500;154500;7207
02/04/2021 16:44;7;Nodo7;84625;83900;70250;63900;65000;60663;816;3689;3887;2240;1610;1360;8392;153700;167600;154600;1850;3830;4060;2380;1700;1440;9741;153900;167600;154600;7207
02/04/2021 17:00;7;Nodo7;87975;87625;73563;67513;68213;64050;814;3691;3888;2250;1630;1350;8393;154400;167600;154700;1850;3830;4060;2380;1720;1440;9743;153700;168000;154700;7194
02/04/2021 17:16;7;Nodo7;86925;86563;72438;66125;66925;62600;813;3691;3888;2250;1650;1370;8392;153800;168000;154700;1850;3830;4060;2370;1730;1460;9740;154500;168000;154700;7207
02/04/2021 17:32;7;Nodo7;92125;92100;77238;71538;71713;67725;820;3694;3888;2250;1650;1370;8402;154000;168000;154700;1850;3830;4060;2370;1740;1460;9741;154000;168000;154700;7207
02/04/2021 17:48;7;Nodo7;96375;96725;81225;76038;75838;72075;815;3693;3891;2210;1670;1380;8399;155600;168000;154700;1840;3830;4060;2350;1760;1460;9734;155700;168000;154700;7207
03/04/2021 10:20;7;Nodo7;145650;146375;123900;122363;125500;123163;768;3611;3890;1390;1400;1370;8269;147100;163700;154800;1790;3820;4060;1440;1430;1440;9673;146300;163700;154800;7207
03/04/2021 13:00;7;Nodo7;148600;148825;126038;125113;129275;127288;754;3598;3886;1500;1420;1350;8238;147200;163400;154700;1790;3810;4060;1560;1450;1420;9660;148500;163400;154700;7207
03/04/2021 14:20;7;Nodo7;149913;149975;127000;126063;129875;127988;750;3598;3887;1500;1420;1350;8235;147400;163200;154600;1790;3810;4060;1560;1450;1420;9658;147700;163200;154600;7207
03/04/2021 14:36;7;Nodo7;130200;131813;114725;113963;114388;112563;747;3591;3885;1520;1430;1350;8223;147800;163200;154600;1780;3830;4060;1580;1480;1420;9667;147800;163300;154600;7201
03/04/2021 14:52;7;Nodo7;123550;125313;109988;108888;108700;106588;752;3588;3890;1550;1420;1340;8230;148100;163200;154600;1780;3830;4060;1610;1470;1420;9667;147600;163200;154600;7207
03/04/2021 15:08;7;Nodo7;125788;127300;111025;110125;110825;108925;744;3587;3887;1580;1430;1350;8218;147400;163100;154600;1780;3820;4060;1640;1470;1420;9656;148100;163200;154700;7207
03/04/2021 15:24;7;Nodo7;129125;130600;113525;112725;113663;111788;747;3583;3885;1590;1420;1350;8215;148500;163100;154600;1780;3800;4060;1660;1470;1420;9636;148100;163100;154600;7201
03/04/2021 15:40;7;Nodo7;129575;131038;113900;113125;114013;112138;744;3581;3885;1590;1440;1340;8210;148700;163100;154700;1780;3810;4060;1660;1460;1420;9646;148300;163100;154700;7201
03/04/2021 15:56;7;Nodo7;128450;129913;112825;111975;113288;111400;743;3580;3885;1580;1430;1340;8208;149100;163000;154600;1780;3810;4060;1660;1470;1420;9646;149600;163100;154600;7207
03/04/2021 17:16;7;Nodo7;147038;147800;125488;124225;127550;125200;744;3575;3883;1560;1440;1360;8202;149000;162900;154700;1780;3820;4060;1640;1500;1420;9656;149400;162900;154700;7207
03/04/2021 17:32;7;Nodo7;122250;123988;108650;107600;108163;106050;743;3571;3885;1580;1440;1350;8199;148200;162900;154700;1780;3820;4060;1640;1500;1420;9656;149500;162900;154800;7207
03/04/2021 17:48;7;Nodo7;123425;125050;109325;108338;109150;107088;745;3575;3885;1580;1450;1350;8205;149700;162900;154700;1780;3820;4060;1650;1500;1420;9656;149100;162900;154700;7194
04/04/2021 09:32;7;Nodo7;98238;99763;88875;87625;87400;85225;746;3515;3872;980;1110;1210;8133;140200;159300;154400;1770;3840;4050;1050;1120;1260;9657;139900;159300;154300;7201
04/04/2021 09:48;7;Nodo7;119475;120875;106613;105300;102988;100488;745;3514;3871;1020;1110;1200;8130;141700;159300;154300;1770;3830;4050;1110;1130;1260;9647;141100;159300;154300;7207
04/04/2021 10:04;7;Nodo7;120113;121438;106825;105625;104038;101613;745;3512;3871;1070;1110;1190;8128;142000;159300;154300;1770;3840;4050;1150;1130;1270;9655;141900;159300;154300;7207
04/04/2021 10:20;7;Nodo7;122000;123250;107900;106863;106500;104225;744;3511;3872;1110;1110;1200;8127;141800;159200;154300;1770;3840;4040;1200;1120;1250;9653;142400;159200;154300;7207
04/04/2021 10:36;7;Nodo7;125413;126600;110675;109800;109525;107363;743;3511;3868;1140;1110;1190;8122;141600;159200;154200;1770;3830;4050;1220;1140;1250;9646;142100;159200;154200;7207
04/04/2021 10:52;7;Nodo7;124200;125375;109588;108700;108525;106350;742;3511;3868;1170;1110;1190;8121;142400;159200;154300;1770;3830;4040;1260;1150;1250;9644;143000;159200;154300;7207
04/04/2021 11:08;7;Nodo7;127025;128250;112388;111475;110013;107875;742;3509;3867;1200;1120;1190;8118;142700;159200;154300;1760;3840;4040;1280;1160;1240;9644;142500;159200;154300;7207
04/04/2021 11:24;7;Nodo7;124538;125713;109925;109063;108813;106663;739;3506;3867;1240;1130;1190;8112;142800;159200;154300;1770;3830;4040;1310;1170;1240;9642;144000;159300;154200;7207
04/04/2021 11:40;7;Nodo7;122688;123863;108450;107463;107150;104925;738;3507;3865;1260;1140;1180;8110;143500;159200;154200;1770;3830;4040;1330;1170;1240;9643;142900;159300;154200;7207
04/04/2021 11:56;7;Nodo7;123750;124950;109388;108463;108000;105813;737;3505;3866;1280;1140;1190;8108;143300;159300;154200;1760;3840;4040;1360;1170;1240;9641;142900;159300;154200;7194
04/04/2021 12:12;7;Nodo7;118800;120075;105663;104475;103400;100975;738;3503;3866;1310;1150;1180;8107;143400;159300;154200;1770;3830;4040;1370;1200;1240;9638;143100;159300;154200;7207
04/04/2021 12:28;7;Nodo7;117550;118800;104713;103488;102200;99788;735;3503;3864;1340;1150;1180;8102;144400;159300;154200;1770;3830;4040;1420;1190;1240;9637;143900;159300;154200;7207
04/04/2021 12:44;7;Nodo7;114150;115338;101363;99988;98613;96088;734;3501;3866;1400;1160;1180;8101;144000;159300;154100;1770;3830;4040;1470;1200;1240;9637;144300;159300;154100;7201
04/04/2021 13:00;7;Nodo7;111963;113000;98763;97375;97750;95188;735;3499;3867;1470;1170;1180;8101;145200;159300;154200;1770;3830;4040;1540;1210;1240;9636;145500;159300;154200;7194
04/04/2021 13:16;7;Nodo7;116113;117313;103775;102513;101275;98863;730;3496;3865;1510;1180;1180;8091;146700;159300;154200;1760;3830;4040;1600;1220;1240;9627;146800;159400;154200;7207
04/04/2021 13:32;7;Nodo7;113850;115050;101125;99800;98750;96263;737;3497;3864;1570;1190;1180;8098;146100;159400;154200;1760;3830;4040;1640;1240;1240;9626;146000;159400;154200;7207
04/04/2021 13:48;7;Nodo7;113663;114850;101050;99725;98688;96175;728;3496;3864;1620;1210;1170;8088;147000;159400;154100;1760;3830;4040;1660;1250;1250;9627;147000;159500;154200;7207
04/04/2021 14:04;7;Nodo7;116600;117850;104050;102863;101788;99450;725;3497;3866;1660;1210;1180;8088;147600;159300;154100;1760;3840;4040;1700;1270;1250;9635;147700;159500;154200;7201
04/04/2021 14:20;7;Nodo7;114963;116250;102738;101525;100700;98275;724;3495;3865;1670;1230;1170;8084;148200;159500;154200;1760;3830;4030;1720;1280;1240;9624;147400;159500;154200;7207
04/04/2021 14:36;7;Nodo7;117338;118600;104550;103438;102700;100400;720;3497;3864;1660;1240;1180;8081;147800;159600;154200;1760;3830;4040;1740;1310;1240;9627;148300;159600;154200;7207
04/04/2021 15:08;7;Nodo7;139475;140675;119950;118100;114350;111375;723;3493;3863;1600;1270;1190;8079;146800;159700;154200;1760;3830;4040;1700;1320;1250;9626;146600;159700;154300;7201
04/04/2021 15:24;7;Nodo7;113875;115275;101500;100213;99613;97138;724;3497;3862;1610;1280;1190;8083;146900;159700;154200;1760;3830;4030;1720;1350;1250;9620;147100;159700;154300;7207
04/04/2021 15:40;7;Nodo7;114363;115850;102238;100975;100138;97688;721;3494;3861;1640;1290;1200;8076;147000;159800;154200;1760;3830;4030;1750;1350;1260;9621;146800;159800;154300;7207
04/04/2021 15:56;7;Nodo7;114725;116175;102588;101450;101050;98688;719;3495;3865;1660;1300;1190;8079;147300;159800;154300;1760;3840;4030;1770;1360;1260;9630;147000;159900;154300;7207
04/04/2021 16:12;7;Nodo7;115013;116475;102938;101788;101388;99038;719;3492;3864;1660;1310;1190;8075;147500;159900;154300;1760;3830;4030;1790;1370;1260;9620;147500;159900;154300;7207
04/04/2021 16:28;7;Nodo7;115088;116575;102988;101875;101650;99338;717;3492;3866;1680;1320;1190;8075;148000;159800;154300;1760;3830;4030;1820;1370;1260;9621;147800;159900;154300;7207
04/04/2021 16:44;7;Nodo7;115425;116963;103300;102163;101838;99500;718;3494;3862;1660;1320;1200;8074;147400;160000;154300;1760;3840;4030;1810;1390;1280;9626;147600;159900;154300;7207
04/04/2021 17:00;7;Nodo7;115925;117513;103725;102650;102475;100175;716;3490;3864;1680;1340;1210;8070;147900;160000;154300;1760;3830;4030;1820;1410;1280;9617;147400;159900;154300;7207
04/04/2021 17:16;7;Nodo7;116450;118050;104250;103200;102938;100638;714;3492;3864;1680;1340;1210;8070;147800;159900;154400;1760;3840;4030;1820;1410;1280;9629;147500;160100;154400;7207
04/04/2021 17:32;7;Nodo7;117575;119213;105213;104188;104063;101813;717;3490;3862;1680;1350;1210;8069;147100;160000;154300;1760;3840;4030;1820;1410;1280;9628;147100;160100;154400;7207
04/04/2021 17:48;7;Nodo7;119688;121288;106838;105975;106175;104025;714;3490;3866;1660;1360;1210;8070;147100;160100;154400;1760;3840;4030;1780;1440;1290;9626;147200;160100;154400;7207
04/04/2021 18:04;7;Nodo7;121525;123000;107913;107113;107600;105513;711;3492;3865;1640;1360;1210;8068;147100;160100;154400;1760;3840;4030;1740;1430;1300;9625;146200;160100;154400;7194
05/04/2021 09:48;7;Nodo7;144550;144463;122113;120500;121700;119013;716;3430;3851;830;1010;1120;7997;138300;156600;154000;1740;3830;4020;900;1030;1190;9590;138600;156600;154000;7194
05/04/2021 10:04;7;Nodo7;113488;115075;101375;99738;96763;94100;720;3428;3851;890;1010;1120;7999;139600;156600;154000;1740;3830;4020;980;1020;1170;9592;139600;156700;154000;7207
05/04/2021 10:20;7;Nodo7;113163;114638;101075;99375;96500;93850;716;3428;3848;940;1020;1120;7992;140000;156700;154000;1740;3830;4020;1040;1030;1170;9589;139700;156700;154000;7207
05/04/2021 10:36;7;Nodo7;113388;114813;99675;97750;94625;91750;713;3430;3850;1010;1010;1110;7993;140500;156800;154000;1740;3830;4020;1110;1020;1170;9590;140300;156800;154000;7207
05/04/2021 10:52;7;Nodo7;112263;113450;96913;94875;92613;89713;712;3430;3851;1070;1010;1120;7993;140400;156800;154000;1740;3830;4020;1160;1020;1170;9587;140700;156800;154000;7201
05/04/2021 11:08;7;Nodo7;112813;113975;97538;95363;92575;89613;713;3429;3852;1130;1010;1110;7994;141400;156900;154000;1740;3830;4020;1230;1040;1160;9586;141700;156900;154000;7201
05/04/2021 11:24;7;Nodo7;111863;112888;95863;93650;91600;88613;721;3427;3848;1200;1030;1110;7996;143400;156900;154000;1740;3830;4020;1300;1040;1160;9587;143200;156900;154000;7201
05/04/2021 11:40;7;Nodo7;112463;113600;97200;95000;92513;89613;712;3428;3846;1260;1030;1100;7986;142500;156900;154000;1740;3820;4020;1330;1060;1160;9576;143200;157000;154000;7201
05/04/2021 11:56;7;Nodo7;111963;112900;96325;93875;91300;88225;710;3428;3847;1300;1050;1090;7985;143100;157000;154000;1740;3830;4020;1380;1060;1150;9587;143100;157000;154000;7207
05/04/2021 12:12;7;Nodo7;110788;111575;94663;92225;90250;87213;714;3425;3848;1380;1050;1090;7987;143600;157000;154000;1740;3830;4020;1440;1090;1150;9586;144300;157000;154000;7194
05/04/2021 12:28;7;Nodo7;111288;112188;95213;92900;91013;88075;713;3423;3849;1460;1060;1100;7985;144600;157000;154000;1740;3830;4020;1520;1080;1150;9585;144900;157100;154000;7201
05/04/2021 12:44;7;Nodo7;110613;111363;94513;92063;90300;87275;711;3425;3846;1540;1070;1090;7982;144800;157200;154000;1740;3830;4010;1600;1110;1150;9584;145000;157200;154000;7207
05/04/2021 13:00;7;Nodo7;109875;110513;93713;91150;89338;86275;709;3423;3849;1610;1090;1100;7981;145800;157300;154000;1740;3830;4010;1670;1130;1150;9583;146000;157300;154000;7207
05/04/2021 13:16;7;Nodo7;109238;109813;93088;90425;88663;85500;706;3422;3845;1680;1110;1090;7973;146500;157300;154100;1740;3830;4010;1740;1150;1150;9583;146500;157400;154100;7207
05/04/2021 13:32;7;Nodo7;110313;111038;94338;91825;89950;86850;706;3423;3848;1740;1130;1080;7977;147400;157500;154100;1740;3830;4010;1780;1170;1160;9580;147400;157500;154100;7207
05/04/2021 13:48;7;Nodo7;109200;109825;92963;90363;88738;85650;707;3421;3846;1800;1150;1110;7974;148100;157500;154000;1740;3830;4010;1820;1190;1160;9579;147200;157500;154000;7207
05/04/2021 14:04;7;Nodo7;107963;108450;91825;88988;87313;84050;704;3421;3850;1860;1170;1110;7975;147900;157600;154100;1740;3830;4010;1860;1210;1170;9578;148300;157700;154100;7201
05/04/2021 14:20;7;Nodo7;104138;104225;88050;84688;83200;79625;706;3423;3844;1880;1180;1110;7973;148400;157800;154100;1740;3830;4010;1890;1240;1170;9578;148800;157800;154100;7207
05/04/2021 17:00;7;Nodo7;131050;129925;108588;104975;105825;101938;691;3426;3848;1830;1330;1150;7965;148400;158600;154400;1750;3830;4000;1970;1410;1230;9584;148700;158600;154300;7207
05/04/2021 17:32;7;Nodo7;137075;137525;116163;113638;114313;111313;688;3425;3846;1820;1360;1170;7959;149200;158800;154400;1750;3840;4000;1960;1440;1240;9590;149000;158800;154400;7207
05/04/2021 17:48;7;Nodo7;113275;115063;98000;96013;94213;91475;681;3432;3847;1770;1370;1170;7960;149200;158900;154400;1750;3840;4000;1910;1440;1250;9592;148400;159100;154400;7201
05/04/2021 18:04;7;Nodo7;112400;114188;98100;96375;95513;93025;691;3429;3848;1760;1380;1180;7968;150500;158900;154400;1750;3840;4000;1880;1480;1270;9591;150100;158900;154400;7207
07/04/2021 09:32;7;Nodo7;115150;110650;89850;89138;89275;83300;1237;3456;3844;500;780;930;8537;120400;155700;154600;2620;3810;4000;560;780;970;10432;120600;155700;154500;7201
07/04/2021 09:48;7;Nodo7;97913;94988;78450;77500;81413;76125;1236;3458;3843;540;780;920;8537;121100;155800;154500;2620;3810;4000;610;780;970;10431;120700;155800;154500;7201
07/04/2021 10:04;7;Nodo7;94888;91400;75900;74163;76725;71113;1237;3459;3841;570;770;930;8537;121200;155800;154500;2620;3800;4000;640;780;970;10420;120700;155800;154600;7207
07/04/2021 10:20;7;Nodo7;93400;89625;74500;72425;74638;68688;1236;3455;3839;620;760;930;8530;121000;155800;154500;2620;3810;4000;690;780;970;10429;120400;155900;154600;7194
07/04/2021 10:36;7;Nodo7;92613;88713;73913;71625;74113;67825;1236;3458;3843;670;770;920;8537;121200;155900;154600;2620;3810;4000;750;780;960;10429;121200;155900;154600;7194
07/04/2021 10:52;7;Nodo7;90325;86163;72150;69563;72613;65775;1234;3458;3845;730;780;900;8537;121800;155900;154700;2620;3810;4000;800;780;950;10430;121800;155900;154600;7194
07/04/2021 11:08;7;Nodo7;89350;85163;71350;68688;72550;65263;1235;3456;3842;790;780;900;8533;122200;155900;154600;2620;3810;4000;860;780;950;10430;122300;155900;154600;7201
07/04/2021 11:24;7;Nodo7;86275;81913;68788;66225;70588;63025;1236;3459;3844;840;780;900;8539;122100;155900;154600;2620;3810;4000;920;800;950;10431;122800;156000;154600;7194
07/04/2021 11:40;7;Nodo7;84913;80688;67700;65413;70963;63150;1237;3462;3844;890;780;910;8543;122500;156000;154600;2620;3810;4000;960;800;950;10431;122800;156000;154600;7201
07/04/2021 11:56;7;Nodo7;84150;79788;65925;64088;69463;61363;1236;3461;3842;920;800;910;8539;122900;156000;154600;2620;3810;4000;980;820;950;10431;122500;156000;154600;7194
07/04/2021 12:12;7;Nodo7;82450;77975;64063;62275;67713;59400;1237;3462;3840;1000;790;900;8539;122800;155900;154500;2620;3810;4000;1040;820;950;10429;122900;155900;154500;7201
07/04/2021 12:28;7;Nodo7;82875;78413;64200;62388;68138;59488;1238;3462;3841;1070;820;900;8541;123400;156000;154500;2620;3810;4000;1110;840;950;10429;123200;156000;154600;7194
07/04/2021 12:44;7;Nodo7;82238;77850;63800;61875;68700;59675;1238;3465;3843;1130;820;900;8546;124600;156200;154600;2620;3810;4000;1190;860;950;10429;124200;156200;154700;7201
07/04/2021 13:00;7;Nodo7;83188;78713;64400;62513;68613;59475;1236;3467;3843;1200;830;900;8546;124400;156300;154600;2620;3810;4000;1250;880;950;10429;124700;156200;154600;7201
07/04/2021 13:16;7;Nodo7;79713;75113;60900;59063;66013;56525;1236;3465;3838;1240;850;890;8539;124900;156300;154600;2620;3810;4000;1290;880;950;10429;125000;156300;154700;7201
07/04/2021 13:32;7;Nodo7;78238;73550;59450;57638;64600;54788;1236;3465;3841;1270;860;900;8542;125400;156400;154600;2610;3800;4000;1320;910;950;10409;125200;156400;154600;7207
07/04/2021 13:48;7;Nodo7;80025;75550;61338;59688;66388;56725;1237;3468;3839;1300;870;900;8544;125300;156400;154600;2610;3810;4000;1330;920;950;10418;125600;156500;154600;7194
07/04/2021 14:04;7;Nodo7;78875;74363;59875;58425;66563;57100;1236;3471;3842;1310;900;900;8549;125300;156600;154700;2610;3810;4000;1340;940;950;10419;125500;156500;154700;7207
07/04/2021 14:20;7;Nodo7;75038;70138;55650;54538;60738;51088;1235;3472;3842;1300;910;900;8549;125900;156600;154600;2610;3810;4000;1340;970;960;10416;125400;156600;154600;7207
07/04/2021 17:16;7;Nodo7;101963;95663;75625;74700;78588;72613;1269;3477;3844;1070;1010;950;8590;127400;156900;154700;2580;3820;4000;1150;1060;1010;10402;127100;156900;154700;7207
07/04/2021 17:32;7;Nodo7;87713;83938;68450;67175;78588;69213;1241;3478;3845;1110;1010;960;8564;124400;157100;154800;2580;3810;4000;1170;1060;1020;10388;124400;157100;154700;7194
07/04/2021 17:48;7;Nodo7;92438;89388;73863;72550;83850;74863;1234;3477;3847;1110;1010;960;8558;125500;157000;154900;0;0;0;1170;1070;1030;0;0;0;0;7201
08/04/2021 09:32;7;Nodo7;81063;75888;60413;58175;58200;52763;1231;3469;3845;460;700;860;8545;119500;155000;154900;2500;3800;4000;510;720;910;10300;120100;155000;154900;7207
08/04/2021 09:48;7;Nodo7;83188;77625;62575;60013;61250;54675;1235;3467;3847;490;700;870;8549;120500;155000;154900;2500;3800;4000;550;720;900;10300;120000;155000;154900;7207
08/04/2021 10:04;7;Nodo7;83275;77688;63163;60513;62413;55413;1232;3468;3846;540;700;860;8546;120500;155000;155000;2500;3800;4000;610;710;900;10299;120200;155000;155000;7207
08/04/2021 10:20;7;Nodo7;81213;75388;61163;58613;60788;53438;1234;3468;3847;580;700;850;8549;119900;155000;154900;2500;3800;4000;660;710;900;10298;121000;155000;155000;7201
08/04/2021 10:36;7;Nodo7;79838;73738;59513;57025;59100;51638;1232;3467;3847;650;700;850;8546;120500;155100;155000;2500;3800;4000;710;720;900;10297;120200;155100;155200;7207
08/04/2021 10:52;7;Nodo7;71738;64513;51250;48438;49963;42113;1234;3467;3848;710;710;840;8549;120300;155200;154900;2500;3790;4000;770;730;900;10286;120600;155200;155000;7207
08/04/2021 11:08;7;Nodo7;72488;65300;51988;48900;51238;42975;1235;3470;3847;770;710;840;8552;120800;155200;155000;2500;3800;4000;840;730;900;10297;121300;155200;155000;7201
08/04/2021 11:24;7;Nodo7;69950;62500;49863;46538;49338;40638;1237;3467;3845;820;720;830;8549;121700;155200;155000;2500;3800;4000;900;740;890;10296;122000;155300;155000;7207
08/04/2021 11:40;7;Nodo7;67675;60175;48138;44663;47838;38788;1236;3471;3844;900;720;850;8551;121800;155300;155000;2500;3790;4000;960;760;890;10288;121900;155300;155000;7207
08/04/2021 11:56;7;Nodo7;66475;59050;47250;43738;47325;38000;1220;3468;3841;940;740;850;8529;122500;155300;155000;2500;3800;4000;1000;760;890;10298;122800;155400;155000;7207
08/04/2021 12:12;7;Nodo7;66788;59400;47675;43988;48063;38400;1234;3468;3842;1030;740;840;8544;123000;155500;155000;2500;3800;4000;1060;780;880;10297;123400;155400;154900;7207
08/04/2021 12:28;7;Nodo7;70425;63275;51325;47525;52263;42238;1240;3471;3843;1120;760;850;8554;123600;155500;155000;2500;3800;4000;1160;790;890;10296;123500;155500;155000;7207
08/04/2021 12:44;7;Nodo7;66825;59338;47950;44188;48988;38825;1243;3466;3842;1200;780;850;8551;124400;155500;155000;2500;3800;4000;1240;810;880;10296;124800;155500;155000;7207
08/04/2021 13:00;7;Nodo7;70838;63713;52013;48075;54025;43363;1231;3472;3842;1270;790;850;8545;125200;155500;155000;2500;3800;4000;1330;820;880;10296;124900;155500;155000;7207
08/04/2021 13:16;7;Nodo7;73388;66563;54863;50900;57888;46788;1242;3474;3842;1350;800;850;8558;125000;155600;155000;2500;3800;4000;1400;840;890;10296;125700;155700;155000;7207
08/04/2021 13:32;7;Nodo7;69763;62463;51038;47100;53038;42250;1245;3473;3842;1390;820;840;8560;125700;155700;155000;2500;3810;3990;1460;870;890;10304;125200;155700;155000;7207
08/04/2021 13:48;7;Nodo7;64738;57250;46550;42450;48125;37113;1241;3471;3842;1460;850;840;8554;126100;155900;155000;2510;3800;4000;1480;890;890;10306;125800;155900;155000;7207
08/04/2021 14:04;7;Nodo7;67838;60700;49950;45513;52263;40700;1243;3474;3843;1500;870;840;8560;125900;156000;155000;2500;3800;3990;1520;920;910;10292;126000;156000;155100;7213
08/04/2021 14:20;7;Nodo7;70875;64075;53163;48800;56538;44613;1241;3473;3844;1530;900;840;8558;125800;156000;155100;2500;3800;3990;1560;940;910;10293;126600;156100;155100;7207
08/04/2021 16:44;7;Nodo7;79100;71250;58488;53275;59213;46450;1219;3484;3842;1550;1050;900;8545;126600;157300;155400;2480;3810;3990;1680;1110;970;10282;127000;157400;155400;7201
08/04/2021 17:00;7;Nodo7;70775;63700;52738;47988;54588;43100;1220;3491;3847;1580;1050;910;8558;126500;157400;155400;2480;3820;3990;1690;1130;980;10293;126900;157500;155500;7207
08/04/2021 17:16;7;Nodo7;73250;66438;55275;50575;57450;45988;1217;3490;3844;1600;1070;930;8551;127200;157500;155600;2470;3820;3990;1700;1150;990;10281;127400;157500;155500;7207
08/04/2021 17:32;7;Nodo7;75913;69350;57775;53100;59738;48563;1215;3489;3845;1600;1090;930;8549;127100;157700;155700;2470;3820;3990;1700;1170;990;10282;127400;157700;155600;7207
08/04/2021 17:48;7;Nodo7;76575;70050;58313;53750;60138;49175;1215;3492;3847;1600;1110;930;8554;127400;157800;155700;2470;3820;3990;1700;1170;1000;10280;127000;157800;155600;7207
08/04/2021 18:04;7;Nodo7;78875;72513;60288;55725;61563;51063;1204;3493;3848;1580;1110;940;8545;127700;157900;155900;2460;3820;3990;1680;1200;1010;10273;127700;157900;155900;7207
09/04/2021 09:32;7;Nodo7;86663;80938;65750;62113;61825;54875;1126;3464;3848;770;870;970;8438;128000;155700;156400;2320;3800;3990;830;900;1030;10108;127700;155700;156400;7201
09/04/2021 09:48;7;Nodo7;80325;74175;60150;56325;56488;49575;1201;3465;3844;800;870;960;8510;121100;155600;156400;2320;3800;3990;860;910;1020;10109;120800;155600;156400;7201
09/04/2021 10:04;7;Nodo7;76350;69763;56375;52238;52663;45388;1189;3463;3845;830;870;960;8497;122700;155700;156400;2320;3800;3990;920;900;1010;10106;123200;155700;156400;7207
09/04/2021 10:20;7;Nodo7;69863;62500;50150;45700;46738;39025;1191;3463;3843;880;870;950;8497;123000;155700;156400;2320;3810;3990;970;900;1010;10118;123100;155700;156400;7194
09/04/2021 10:36;7;Nodo7;66663;58950;46938;42413;43950;36000;1191;3464;3845;940;870;950;8500;123600;155700;156400;2310;3810;3990;1040;910;1010;10108;123200;155700;156400;7201
09/04/2021 10:52;7;Nodo7;65000;57200;45613;40988;42625;34550;1191;3462;3845;1010;890;950;8498;123600;155700;156400;2320;3800;3990;1110;910;1010;10106;123700;155700;156400;7201
09/04/2021 11:08;7;Nodo7;66663;59038;47350;42750;45013;36688;1192;3462;3844;1070;890;940;8498;123800;155800;156400;2320;3800;3990;1170;930;1010;10105;124400;155800;156400;7207
09/04/2021 11:24;7;Nodo7;68513;61075;49300;44663;47513;38950;1194;3463;3845;1140;900;950;8502;124400;155800;156400;2320;3800;3980;1220;920;1000;10104;124200;155900;156400;7207
09/04/2021 11:40;7;Nodo7;67175;59650;48188;43463;46275;37638;1193;3462;3840;1210;910;940;8495;124700;155900;156400;2310;3810;3980;1280;940;1010;10104;124900;155900;156400;7207
09/04/2021 11:56;7;Nodo7;68650;61213;49600;44700;47563;38988;1197;3463;3841;1260;910;950;8501;124900;155900;156400;2310;3800;3980;1310;980;1010;10093;124900;156000;156400;7207
09/04/2021 12:12;7;Nodo7;70175;62975;51813;46838;50100;41325;1203;3459;3841;1330;930;950;8503;124800;156000;156400;2310;3810;3980;1380;980;1010;10104;124600;156000;156500;7201
09/04/2021 12:28;7;Nodo7;72250;65275;53888;48925;52488;43688;1206;3463;3841;1410;930;950;8510;125300;156000;156400;2320;3810;3980;1460;990;1010;10112;124800;156000;156400;7207
09/04/2021 12:44;7;Nodo7;75288;68713;56875;52025;55863;47150;1203;3464;3841;1470;950;950;8508;125400;156100;156500;2320;3810;3980;1520;1010;1010;10111;125400;156100;156500;7201
09/04/2021 13:00;7;Nodo7;72625;65763;54213;49313;52513;43913;1203;3462;3839;1530;970;950;8504;126300;156200;156500;2320;3810;3980;1590;1030;1010;10111;126200;156200;156500;7201
09/04/2021 13:16;7;Nodo7;73550;66850;55200;50263;53338;44738;1202;3465;3842;1600;990;950;8509;126200;156300;156400;2320;3810;3980;1660;1060;1010;10111;126200;156300;156500;7207
09/04/2021 13:32;7;Nodo7;81888;76025;63138;58700;62425;54150;1185;3465;3841;1620;1010;950;8491;128400;156400;156500;2310;3810;3980;1700;1080;1010;10102;128600;156400;156500;7194
09/04/2021 13:48;7;Nodo7;78163;72013;60088;55500;59100;50625;1188;3465;3843;1620;1030;950;8496;128000;156600;156500;2320;3810;3980;1710;1090;1010;10113;127700;156600;156500;7194
09/04/2021 14:04;7;Nodo7;78838;72675;60213;55575;58813;50438;1188;3466;3841;1680;1050;940;8495;128200;156600;156500;2310;3820;3980;1740;1110;1010;10109;128000;156600;156500;7207
09/04/2021 14:20;7;Nodo7;80625;74738;62388;57850;61663;53388;1189;3467;3838;1680;1070;960;8494;128500;156700;156500;2310;3820;3980;1750;1130;1030;10109;128100;156700;156500;7207
09/04/2021 14:36;7;Nodo7;78988;72863;60263;55625;58625;50463;1188;3467;3841;1680;1090;970;8496;128200;156900;156500;2310;3820;3980;1760;1160;1030;10110;127800;156900;156600;7207
09/04/2021 14:52;7;Nodo7;82900;77350;64463;60075;63075;55150;1189;3468;3841;1660;1110;970;8498;127700;157000;156600;2310;3820;3980;1750;1170;1040;10109;127900;157000;156600;7207
09/04/2021 15:08;7;Nodo7;82213;76638;64050;59625;62600;54625;1182;3469;3842;1660;1130;970;8493;128200;157200;156600;2310;3820;3980;1760;1190;1050;10108;129100;157200;156600;7201
09/04/2021 15:24;7;Nodo7;73288;66525;54588;49650;52875;44463;1183;3470;3840;1680;1150;980;8493;128700;157300;156700;2310;3820;3980;1760;1210;1050;10109;129000;157300;156600;7207
09/04/2021 15:40;7;Nodo7;72175;65413;53938;48825;51988;43525;1180;3474;3842;1720;1160;1000;8496;129400;157400;156700;2300;3820;3980;1790;1220;1060;10099;129200;157500;156700;7207
09/04/2021 15:56;7;Nodo7;81450;75725;63138;58438;61975;53900;1180;3471;3841;1720;1170;1000;8492;129000;157500;156700;2310;3820;3980;1800;1240;1070;10106;129600;157500;156700;7207
09/04/2021 16:12;7;Nodo7;79788;74025;61788;57075;60225;52150;1178;3471;3838;1720;1190;1020;8487;128900;157600;156700;2310;3820;3980;1800;1260;1070;10108;129700;157600;156700;7207
09/04/2021 16:28;7;Nodo7;77013;70763;58775;53825;57213;48950;1176;3473;3839;1740;1210;1010;8488;129600;157800;156800;2300;3830;3980;1830;1260;1080;10107;129400;157800;156700;7207
09/04/2021 16:44;7;Nodo7;79788;73938;61588;56763;60413;52325;1175;3476;3844;1740;1210;1010;8495;129600;157800;156800;2300;3830;3980;1840;1290;1090;10106;129600;157800;156800;7201
09/04/2021 17:00;7;Nodo7;80088;74238;61813;56888;59763;51788;1179;3475;3839;1760;1230;1020;8493;129800;157900;156800;2300;3820;3970;1860;1300;1090;10093;129700;157900;156800;7207
09/04/2021 17:16;7;Nodo7;84738;79575;66738;62163;65438;57788;1173;3478;3841;1760;1240;1030;8492;130100;158000;156800;2300;3830;3970;1860;1310;1110;10104;129900;158100;156800;7207
09/04/2021 17:32;7;Nodo7;87425;82725;69700;65375;68350;60988;1170;3478;3842;1750;1250;1030;8490;130600;158100;156800;2300;3830;3980;1840;1320;1110;10107;130100;158100;156800;7207
09/04/2021 17:48;7;Nodo7;88375;83775;70525;66263;68800;61650;1161;3479;3842;1730;1270;1040;8482;131300;158100;156800;2290;3830;3970;1820;1330;1130;10093;130900;158100;156800;7207
10/04/2021 09:48;7;Nodo7;112175;106438;87625;82388;81463;75125;1041;3445;3836;1010;1030;1070;8322;133900;155900;156900;2180;3820;3970;1060;1080;1130;9972;133600;155900;156900;7201
10/04/2021 10:04;7;Nodo7;88963;84675;70488;66400;66663;60625;1040;3443;3837;1060;1030;1070;8320;134300;155900;156900;2170;3820;3970;1130;1070;1130;9961;133900;155900;156900;7207
10/04/2021 10:20;7;Nodo7;84988;80038;66238;61688;62038;55638;1040;3441;3837;1090;1030;1050;8318;135100;155900;156800;2170;3820;3970;1160;1070;1120;9962;134800;155900;156800;7207
10/04/2021 10:36;7;Nodo7;83525;78313;64650;60025;60563;54063;1043;3442;3837;1130;1030;1060;8322;133900;155900;156800;2170;3820;3970;1230;1060;1110;9962;133700;155900;156900;7207
10/04/2021 10:52;7;Nodo7;76788;70550;57563;52500;53438;46525;1038;3441;3836;1200;1040;1060;8315;135000;156000;156900;2170;3820;3970;1270;1060;1110;9962;134600;156000;157000;7194
10/04/2021 11:08;7;Nodo7;81713;76325;63100;58213;59088;52388;1039;3440;3835;1240;1050;1040;8314;136100;155900;156900;2170;3820;3970;1320;1090;1110;9962;135200;156000;157000;7207
10/04/2021 11:24;7;Nodo7;88563;84163;70375;66138;67150;60988;1038;3439;3834;1260;1050;1050;8311;135800;156000;156800;2170;3820;3970;1350;1090;1110;9962;135800;156000;156900;7207
10/04/2021 11:40;7;Nodo7;87325;82838;69575;65100;66000;59613;1040;3441;3833;1290;1060;1050;8314;136000;156000;157000;2170;3820;3970;1380;1080;1110;9961;135900;156000;157000;7207
10/04/2021 11:56;7;Nodo7;88250;83850;70000;65775;66763;60550;1040;3437;3834;1320;1070;1050;8311;136100;156000;156800;2170;3820;3970;1410;1110;1110;9960;137000;156000;156800;7207
10/04/2021 12:12;7;Nodo7;92300;88538;74625;70675;71775;65888;1038;3440;3832;1360;1080;1040;8310;137200;156100;156900;2170;3820;3970;1440;1120;1110;9961;136200;156100;157000;7194
10/04/2021 12:28;7;Nodo7;93638;90150;76138;72388;73125;67350;1037;3436;3828;1380;1090;1050;8301;136400;156100;156800;2170;3820;3970;1460;1130;1110;9960;136500;156100;157000;7207
10/04/2021 12:44;7;Nodo7;91538;87788;73963;69863;70750;64700;1039;3439;3831;1410;1090;1050;8309;136900;156200;156800;2170;3820;3970;1490;1140;1120;9960;137200;156200;157000;7207
11/04/2021 11:56;7;Nodo7;68475;61375;44063;46225;53938;46600;1653;3531;3830;1140;1110;1100;9014;133000;156800;157600;2910;3860;3980;1190;1150;1170;10749;133000;156900;157600;7207
11/04/2021 12:12;7;Nodo7;56888;51713;34863;37638;45625;36075;1650;3532;3830;1170;1110;1090;9012;133300;156600;157500;2910;3860;3980;1220;1160;1170;10747;133200;156600;157600;7207
11/04/2021 12:28;7;Nodo7;50888;45888;29538;32613;37400;28988;1649;3532;3832;1200;1110;1110;9013;133600;156500;157400;2900;3860;3980;1250;1150;1170;10737;133600;156500;157400;7207
11/04/2021 12:44;7;Nodo7;47388;42238;26450;29500;33063;25088;1646;3534;3831;1230;1110;1090;9011;133400;156400;157400;2900;3860;3980;1280;1150;1170;10738;133400;156400;157400;7201
11/04/2021 13:00;7;Nodo7;42588;36938;22525;25275;29488;20613;1646;3529;3829;1280;1120;1100;9004;133800;156400;157400;2900;3860;3980;1320;1160;1170;10738;134000;156400;157400;7207
12/04/2021 12:44;7;Nodo7;9438;8175;1413;5875;5313;2963;1796;3711;3832;1370;1160;1110;9339;137200;161200;157600;3000;3960;3980;1440;1200;1180;10939;137600;161300;157600;7194
12/04/2021 13:00;7;Nodo7;9575;8700;1613;6488;4763;1988;1790;3708;3830;1420;1170;1110;9328;137600;161200;157600;2990;3960;3980;1480;1210;1180;10925;137300;161200;157600;7207
12/04/2021 15:40;7;Nodo7;5675;5013;1750;5188;4575;1100;1943;3984;4075;1490;1250;1130;10002;140300;178000;168400;3140;4440;4020;1560;1310;1210;11598;139900;178000;168400;7207
12/04/2021 15:56;7;Nodo7;6513;5700;1813;5875;4788;588;1914;3955;4013;1560;1250;1130;9882;140500;174100;164100;3060;4440;4020;1620;1300;1210;11521;140400;174900;164100;7207
13/04/2021 17:32;7;Nodo7;6338;8213;25;6738;4063;1713;2017;4043;4118;1210;1150;1140;10178;139200;170800;166700;3010;4520;4230;1260;1190;1200;11764;139100;170800;166700;7207
14/04/2021 09:32;7;Nodo7;5675;1125;25;2175;50;25;1929;3940;4064;780;950;1050;9933;135900;163400;163700;2890;4230;4240;860;980;1110;11364;135600;163400;163700;7194
14/04/2021 09:48;7;Nodo7;6013;1488;38;2475;663;13;1929;3937;4064;830;950;1040;9930;135700;163300;163600;2890;4230;4240;920;990;1110;11363;136300;163500;163800;7194
14/04/2021 10:04;7;Nodo7;5425;1238;25;2338;625;38;1930;3937;4062;860;950;1050;9929;135900;163400;163600;2880;4230;4240;960;970;1110;11352;135900;163500;163600;7207
14/04/2021 10:20;7;Nodo7;5250;1363;25;2475;1075;25;1927;3937;4060;900;950;1030;9924;136500;163500;163500;2880;4230;4240;1010;980;1110;11352;136600;163500;163400;7207
14/04/2021 10:36;7;Nodo7;5413;1900;25;2938;1913;38;1929;3935;4057;950;960;1030;9921;136600;163400;163400;2880;4230;4240;1080;980;1110;11350;137000;163500;163400;7201
14/04/2021 10:52;7;Nodo7;5725;2425;25;3500;3088;25;1929;3936;4057;1010;960;1040;9922;137200;163500;163300;2870;4220;4240;1140;1000;1100;11330;136800;163500;163300;7194
14/04/2021 11:08;7;Nodo7;5463;3013;38;3900;3813;25;1928;3937;4052;1070;950;1020;9917;137000;163400;163200;2870;4220;4240;1200;1000;1100;11332;137100;163400;163300;7207
14/04/2021 11:24;7;Nodo7;4888;2950;25;3963;4150;25;1927;3940;4050;1130;960;1030;9917;138100;163400;163000;2870;4220;4240;1260;1000;1090;11333;138200;163400;163100;7194
14/04/2021 11:40;7;Nodo7;5713;3400;75;4375;4400;38;1925;3937;4045;1200;970;1030;9907;137900;163400;163000;2870;4210;4240;1320;1030;1090;11323;137900;163400;163000;7201
14/04/2021 11:56;7;Nodo7;7213;5025;1013;5213;6050;1213;1928;3936;4042;1220;970;1020;9906;138600;163400;162800;2870;4220;4240;1360;1020;1090;11333;138800;163400;162700;7201
14/04/2021 12:12;7;Nodo7;4988;3938;25;4538;4500;463;1927;3933;4039;1280;990;1020;9899;138500;163500;162600;2870;4210;4240;1400;1050;1090;11323;138600;163500;162600;7207
14/04/2021 12:28;7;Nodo7;4413;3788;38;4488;4638;675;1928;3937;4036;1340;1010;1020;9901;138700;163600;162500;2860;4210;4240;1470;1060;1090;11312;138800;163600;162400;7207
14/04/2021 12:44;7;Nodo7;5975;4775;25;4975;5338;1375;1926;3937;4032;1390;1010;1030;9895;139500;163700;162300;2860;4210;4240;1520;1060;1090;11312;139100;163700;162300;7207
14/04/2021 12:59;7;Nodo7;4250;3963;13;4625;4375;863;1926;3934;4034;1430;1030;1020;9894;139700;163900;162100;2860;4210;4240;1570;1090;1090;11311;139500;163800;162300;7207
14/04/2021 13:14;7;Nodo7;4563;3838;25;4438;4438;350;1925;3937;4032;1490;1050;1040;9894;140000;163900;162100;2860;4210;4240;1620;1100;1090;11311;139800;163900;162100;7207
14/04/2021 13:29;7;Nodo7;3938;3713;25;4400;4100;488;1926;3937;4031;1510;1050;1020;9894;140200;164000;162000;2850;4210;4240;1670;1110;1090;11299;140000;164000;162000;7201
14/04/2021 13:44;7;Nodo7;3675;3688;25;4500;4000;525;1924;3937;4028;1560;1070;1020;9889;140900;164200;161900;2850;4210;4240;1680;1130;1100;11298;140600;164200;162000;7207
14/04/2021 13:59;7;Nodo7;4338;4125;25;4688;4113;775;1922;3937;4025;1600;1090;1030;9884;140400;164300;161800;2850;4210;4240;1700;1150;1100;11298;141200;164300;161900;7207
14/04/2021 14:14;7;Nodo7;5875;5000;38;4925;4538;1313;1920;3937;4025;1600;1110;1040;9882;140600;164400;161800;2840;4210;4240;1700;1170;1110;11287;140600;164500;161800;7194
14/04/2021 14:29;7;Nodo7;6500;5788;25;5400;4513;2113;1921;3939;4029;1560;1120;1030;9889;141200;164600;161800;2850;4200;4240;1680;1190;1110;11290;140300;164600;161800;7207
14/04/2021 14:44;7;Nodo7;7500;7500;200;7313;4900;3325;1919;3940;4025;1540;1140;1030;9884;139800;164700;161800;2850;4200;4240;1640;1200;1110;11291;140200;164700;161800;7207
14/04/2021 14:59;7;Nodo7;12438;14288;3050;11375;5788;4775;1919;3940;4027;1490;1150;1050;9886;139800;164800;161800;2850;4210;4240;1600;1210;1120;11302;140100;164900;161900;7207
14/04/2021 15:14;7;Nodo7;12700;14563;2075;10663;5363;4550;1919;3940;4022;1480;1170;1050;9881;139600;165000;161800;2850;4200;4240;1580;1240;1130;11288;140400;165000;161800;7207
14/04/2021 15:29;7;Nodo7;11188;13175;1450;9900;4913;4150;1916;3942;4022;1480;1170;1050;9880;140500;165200;161900;2840;4210;4240;1570;1240;1130;11290;140100;165300;161900;7213
14/04/2021 15:44;7;Nodo7;12475;15150;2675;11650;6088;5338;1912;3942;4023;1470;1190;1060;9877;140400;165400;161800;2850;4200;4240;1560;1250;1130;11292;139900;165400;161900;7194
14/04/2021 15:59;7;Nodo7;25488;27325;7575;18050;8413;7938;1913;3943;4021;1450;1190;1070;9877;140200;165400;161800;2840;4200;4240;1550;1260;1140;11280;140100;165400;161900;7201
14/04/2021 16:14;7;Nodo7;20050;21113;4950;15400;8950;8588;1910;3944;4018;1470;1210;1070;9872;140100;165500;161800;2840;4200;4240;1540;1250;1150;11279;140400;165500;161800;7207
14/04/2021 16:29;7;Nodo7;14363;15650;2725;12888;7450;7088;1911;3942;4019;1470;1210;1070;9872;140200;165600;161800;2840;4200;4240;1560;1280;1150;11280;140100;165600;161700;7201
14/04/2021 16:44;7;Nodo7;8088;9800;613;9725;5550;5075;1909;3944;4018;1480;1210;1070;9871;140200;165800;161800;2840;4200;4240;1560;1270;1150;11278;140600;165800;161800;7194
14/04/2021 16:59;7;Nodo7;4838;6513;38;7313;4338;3275;1909;3943;4013;1480;1230;1100;9865;140700;165800;161700;2840;4200;4240;1560;1280;1160;11277;139900;165800;161700;7194
14/04/2021 17:14;7;Nodo7;3950;5238;13;6113;3675;2188;1907;3942;4014;1490;1230;1100;9863;140100;165900;161700;2840;4200;4240;1560;1280;1170;11278;140700;165900;161700;7194
14/04/2021 17:29;7;Nodo7;3913;5000;25;5938;3863;2113;1906;3945;4013;1500;1230;1090;9864;139800;166000;161500;2840;4200;4240;1560;1300;1170;11279;140500;165900;161100;7201
14/04/2021 17:44;7;Nodo7;4100;4888;25;5738;3900;2000;1903;3947;4016;1500;1230;1080;9866;140400;166000;161700;2840;4200;4240;1540;1300;1170;11279;139400;166000;161700;7207
14/04/2021 17:59;7;Nodo7;4663;5263;13;6038;4100;2213;1902;3944;4020;1470;1250;1100;9866;140400;166100;161800;2840;4200;4240;1510;1310;1180;11280;140400;166000;161800;7207
15/04/2021 10:14;7;Nodo7;11588;6838;2325;5650;4888;2550;1883;3925;4010;810;940;1030;9818;136700;163900;161800;2830;4180;4240;850;960;1090;11254;136800;163500;161200;6487
15/04/2021 10:29;7;Nodo7;9950;6138;2050;5613;4350;1275;1880;3924;4016;820;930;1020;9820;137300;162900;161000;2820;4180;4240;880;960;1090;11243;136600;162900;160900;6723
15/04/2021 10:44;7;Nodo7;9563;6013;2850;5850;5088;1538;1881;3925;4012;850;930;1010;9818;136800;163000;161000;2820;4180;4250;910;960;1080;11246;137400;163000;160900;6803
15/04/2021 10:59;7;Nodo7;8375;5213;2513;5388;4825;1075;1881;3927;4014;860;930;1010;9822;136300;163000;160900;2820;4180;4250;920;960;1080;11247;136500;163000;160900;6847
15/04/2021 11:14;7;Nodo7;7338;4488;2275;5138;4763;775;1881;3925;4013;880;930;1010;9819;136900;163000;161000;2820;4180;4250;940;960;1070;11246;136600;163100;161000;7027
15/04/2021 11:29;7;Nodo7;7125;3975;1838;4650;4175;213;1884;3926;4012;910;940;1010;9822;137200;163000;160900;2820;4180;4250;970;960;1070;11246;137300;163100;160900;7207
15/04/2021 11:44;7;Nodo7;4875;2713;675;3988;3813;25;1883;3926;4010;960;940;1010;9819;137000;163100;160900;2820;4180;4250;1000;970;1070;11246;137200;163100;160900;7201
15/04/2021 11:59;7;Nodo7;4438;2125;513;3888;3500;25;1883;3929;4009;1000;930;1010;9821;137500;163100;160800;2820;4180;4250;1040;970;1070;11245;137500;163100;160800;7139
15/04/2021 12:14;7;Nodo7;3013;2200;450;3488;3638;13;1883;3928;4007;1030;930;1010;9818;137800;163100;160800;2820;4180;4240;1080;980;1070;11244;137800;163200;160800;7207
15/04/2021 12:29;7;Nodo7;4488;2038;38;2613;4313;25;1882;3928;4007;1110;940;1000;9817;137500;163200;160800;2810;4170;4240;1140;980;1070;11223;138200;163200;160800;6866
15/04/2021 12:44;7;Nodo7;4938;2763;738;4288;5113;400;1881;3926;4002;1130;950;1010;9809;138400;163300;160800;2810;4170;4240;1180;990;1070;11223;138200;163400;160700;7070
15/04/2021 12:59;7;Nodo7;4713;2800;1013;4225;5438;688;1881;3931;4004;1150;950;1010;9816;137900;163300;160700;2810;4180;4240;1200;1010;1070;11232;138900;163400;160700;7207
15/04/2021 13:14;7;Nodo7;4088;2388;313;3800;4800;113;1882;3932;3998;1200;970;1010;9812;139000;163400;160500;2810;4170;4240;1250;1000;1070;11222;138300;163400;160600;7201
15/04/2021 13:29;7;Nodo7;2875;2050;388;3650;5063;13;1883;3930;4000;1240;970;1000;9813;139000;163400;160600;2810;4170;4240;1300;1010;1070;11221;139200;163400;160600;7201
15/04/2021 13:44;7;Nodo7;6725;3575;1350;4525;6250;1000;1880;3932;3998;1280;980;1010;9810;139400;163500;160600;2810;4170;4240;1320;1020;1070;11222;139600;163500;160600;6835
15/04/2021 13:59;7;Nodo7;7275;4313;2000;5163;6863;2050;1881;3932;3999;1260;1000;1010;9812;139000;163500;160600;2810;4170;4240;1330;1040;1070;11222;139600;163500;160600;6977
15/04/2021 14:14;7;Nodo7;7813;4688;1913;5925;7313;1738;1881;3930;3999;1250;1000;1010;9810;139200;163600;160500;2810;4170;4240;1320;1040;1070;11222;139300;163600;160600;7132
15/04/2021 14:29;7;Nodo7;5800;4313;563;2750;5638;2025;1879;3932;4000;1250;1010;1010;9811;139100;163700;160600;2810;4170;4240;1310;1060;1070;11222;139100;163700;160500;6996
15/04/2021 14:44;7;Nodo7;7038;4488;1913;4963;6938;1750;1878;3931;3998;1260;1020;1010;9807;139000;163700;160400;2810;4170;4240;1320;1060;1070;11223;139200;163800;160400;6952
15/04/2021 14:59;7;Nodo7;7938;5113;1913;5700;7463;2075;1875;3930;3999;1250;1030;1010;9804;138600;163800;160600;2810;4170;4240;1310;1080;1070;11224;138200;163900;160600;6903
15/04/2021 15:14;7;Nodo7;9413;6075;3050;6550;8338;3088;1878;3935;4000;1240;1030;1010;9813;139400;163900;160600;2810;4170;4250;1290;1090;1070;11225;139100;163900;160600;6803
15/04/2021 15:29;7;Nodo7;10538;6863;4050;6825;8850;3463;1875;3931;4000;1240;1050;1010;9806;139300;163900;160600;2810;4170;4250;1280;1090;1070;11225;138900;164000;160600;6816
15/04/2021 15:44;7;Nodo7;10713;7138;3850;7125;8950;3838;1874;3935;4002;1220;1050;1010;9811;139300;164000;160600;2810;4170;4250;1270;1100;1070;11226;138800;164200;160600;6779
15/04/2021 15:59;7;Nodo7;12488;8400;5113;8250;9950;4863;1875;3934;4001;1190;1060;1010;9810;138900;164000;160500;2810;4170;4250;1260;1100;1080;11225;139100;164100;160600;6779
15/04/2021 16:14;7;Nodo7;13663;9363;6725;10275;11588;5725;1874;3934;4004;1180;1060;1010;9812;138700;164100;160600;2810;4170;4240;1240;1100;1090;11220;138600;164200;160500;6760
15/04/2021 16:29;7;Nodo7;14025;9850;12950;15388;13038;6225;1873;3933;4005;1150;1080;1020;9811;138000;164100;160600;2800;4170;4240;1220;1120;1090;11208;138700;164100;160600;6766
15/04/2021 16:44;7;Nodo7;12788;8838;7825;11550;10825;5575;1874;3936;4002;1150;1070;1030;9812;138400;164100;160600;2810;4170;4240;1200;1130;1090;11218;138800;164300;160600;6785
15/04/2021 16:59;7;Nodo7;12263;8388;6288;10000;10000;5050;1871;3935;4002;1150;1090;1030;9808;138500;164200;160700;2800;4170;4240;1200;1120;1090;11208;138800;164200;160600;6772
15/04/2021 17:14;7;Nodo7;11675;7888;4863;8675;9338;4413;1871;3932;4001;1140;1090;1030;9804;138500;164200;160600;2800;4170;4240;1200;1120;1090;11208;138500;164400;160700;6791
15/04/2021 17:29;7;Nodo7;11763;7963;4688;8513;9350;4425;1872;3935;4007;1130;1090;1030;9814;138800;164200;160700;2800;4170;4240;1180;1130;1100;11209;138800;164200;160700;6772
15/04/2021 17:44;7;Nodo7;12125;8200;4788;8400;9275;4513;1870;3932;4005;1130;1090;1030;9807;139100;164200;160700;2800;4170;4240;1180;1130;1100;11206;138600;164300;160700;6766
15/04/2021 17:59;7;Nodo7;12625;8613;5088;8675;9825;4988;1869;3933;4004;1130;1090;1030;9806;138900;164300;160700;2800;4170;4230;1170;1130;1110;11203;138700;164200;160800;6760
15/04/2021 18:14;7;Nodo7;12375;8463;6025;9613;9950;4813;1871;3934;4008;1110;1090;1030;9813;138200;164300;160700;2800;4170;4230;1160;1140;1110;11203;138300;164300;160700;6766
15/04/2021 18:29;7;Nodo7;13425;9250;5950;9550;10388;5475;1869;3934;4005;1110;1090;1030;9808;138200;164300;160800;2800;4170;4230;1160;1130;1110;11202;138300;164400;160800;6748
15/04/2021 18:44;7;Nodo7;10763;7513;3938;8075;8638;4213;1868;3934;4008;1110;1090;1030;9810;138200;164300;160800;2800;4170;4230;1150;1130;1110;11202;138600;164300;160800;6810
15/04/2021 18:59;7;Nodo7;11875;8025;4400;8138;9388;4438;1868;3933;4008;1100;1090;1040;9809;138400;164300;160900;2800;4180;4230;1140;1130;1110;11212;138000;164300;160800;6729
15/04/2021 19:14;7;Nodo7;14350;9913;6150;9650;10638;5925;1867;3934;4007;1090;1090;1050;9808;138400;164300;160900;2800;4170;4230;1140;1140;1110;11201;138400;164500;160900;6679
15/04/2021 19:29;7;Nodo7;17575;12038;5175;12963;10550;6625;1865;3934;4004;1090;1090;1050;9803;138300;164100;160800;2800;4170;4230;1140;1140;1110;11200;138400;164300;160900;6655
15/04/2021 19:44;7;Nodo7;18638;13538;8088;11288;11663;7938;1865;3934;4005;1070;1090;1040;9804;138400;164200;160800;2790;4180;4230;1120;1130;1120;11195;138400;164200;160900;6648
15/04/2021 19:59;7;Nodo7;19913;14638;8400;11575;11750;8250;1865;3932;4006;1060;1090;1050;9803;137900;164100;160800;2800;4170;4230;1110;1120;1120;11195;137800;164300;161000;6642
15/04/2021 20:14;7;Nodo7;20825;15375;8363;11525;11613;8375;1864;3932;4008;1050;1090;1050;9804;137800;164100;161000;2790;4170;4230;1100;1120;1120;11185;137600;164200;161000;6636
15/04/2021 20:29;7;Nodo7;22438;16663;9063;12088;12075;8788;1865;3933;4007;1030;1090;1050;9805;137600;164100;161000;2790;4170;4220;1080;1130;1130;11183;137800;164200;161000;6636
15/04/2021 20:44;7;Nodo7;23575;17713;9588;12600;12313;9200;1862;3932;4008;1030;1090;1060;9802;137900;164000;160900;2800;4170;4220;1070;1120;1120;11190;137900;163900;160900;6630
15/04/2021 20:59;7;Nodo7;24775;18813;10088;13013;12663;9588;1863;3931;4010;1010;1090;1030;9804;137300;163900;161000;2790;4170;4220;1060;1130;1130;11181;138100;164000;161000;6630
15/04/2021 21:14;7;Nodo7;26325;20213;11138;13963;12925;10100;1864;3932;4010;1000;1090;1050;9806;137300;163900;161000;2790;4170;4220;1040;1130;1130;11179;137400;163900;161000;6624
15/04/2021 21:29;7;Nodo7;28163;21888;12438;15125;13675;10838;1862;3932;4011;980;1080;1060;9805;137100;163900;161000;2790;4170;4220;1030;1120;1130;11178;137000;164100;161400;6624
15/04/2021 21:44;7;Nodo7;29125;22875;13150;15825;13950;11175;1863;3934;4009;960;1090;1050;9806;137400;163900;161000;2800;4170;4220;1010;1110;1130;11187;137200;164100;161000;6617
15/04/2021 21:59;7;Nodo7;28563;22463;12463;15275;13375;10775;1861;3935;4012;960;1080;1060;9808;137500;163900;161000;2790;4180;4220;1000;1100;1130;11186;137300;164200;161100;6617
15/04/2021 22:14;7;Nodo7;28013;21975;11900;14800;12900;10388;1862;3935;4009;950;1070;1050;9806;137400;163800;160800;2790;4180;4220;1000;1100;1130;11186;137500;164100;161000;6617
15/04/2021 22:29;7;Nodo7;27888;21800;11600;14550;12563;10100;1860;3933;4009;940;1070;1050;9802;137400;163900;161000;2790;4170;4220;980;1100;1130;11176;137300;164200;161000;6611
15/04/2021 22:44;7;Nodo7;28500;22313;11913;14813;12863;10275;1862;3932;4009;930;1070;1050;9803;137400;163700;160900;2790;4170;4210;980;1110;1130;11174;137100;163900;161000;6611
15/04/2021 22:59;7;Nodo7;28388;22113;10038;13125;11875;9213;1861;3933;4011;930;1070;1060;9805;137200;163800;160800;2790;4180;4210;960;1090;1130;11184;137400;163700;160800;6611
15/04/2021 23:14;7;Nodo7;29475;23100;11063;13875;12200;9538;1862;3935;4011;910;1060;1050;9808;137300;163700;160900;2790;4170;4210;960;1080;1130;11173;137300;163900;161000;6611
15/04/2021 23:29;7;Nodo7;29588;23188;10075;13275;12100;9413;1861;3935;4009;900;1050;1060;9805;137300;163600;160900;2790;4170;4210;940;1090;1130;11173;137000;163700;160900;6611
15/04/2021 23:44;7;Nodo7;28700;23038;8888;12613;12138;9625;1860;3933;4009;900;1050;1060;9802;136900;163600;161000;2790;4170;4210;940;1090;1130;11172;137200;163900;160900;6605
15/04/2021 23:59;7;Nodo7;29988;23638;9475;12900;12138;9513;1859;3932;4011;880;1050;1050;9802;137600;163900;161100;2790;4170;4210;920;1080;1130;11173;136900;163800;161000;6605
